ms,sm_util_pct,mem_util_pct,cpu_util_pct,vram_used_mb,pcie_rx_kbs,pcie_tx_kbs
103.524,0,0,0.0,0.000,0,0
155.016,0,0,0.0,0.000,0,0
206.399,0,0,0.3,0.000,0,0
257.778,0,0,3.5,0.000,0,0
309.204,0,0,0.5,0.000,0,0
361.072,0,0,1.8,0.000,0,0
412.790,0,0,0.0,0.000,0,0
464.108,0,0,1.4,0.000,0,0
515.527,0,0,0.8,0.000,0,0
566.772,0,0,0.8,0.000,0,0
618.197,0,0,0.8,0.000,0,0
669.415,0,0,0.9,0.000,0,0
720.673,0,0,0.8,0.000,0,0
772.058,0,0,0.9,0.000,0,0
823.196,0,0,1.1,0.000,0,0
874.511,0,0,1.1,0.000,0,0
925.817,0,0,0.8,0.000,0,0
977.126,0,0,0.8,0.000,0,0
1028.356,0,0,1.1,0.000,0,0
1079.749,0,0,0.9,0.000,0,0
1130.897,0,0,0.8,0.000,0,0
1182.209,0,0,0.8,0.000,0,0
1233.468,0,0,0.9,0.000,0,0
1284.752,0,0,0.8,0.000,0,0
1336.054,0,0,0.8,0.000,0,0
1387.340,0,0,0.9,0.000,0,0
1438.725,0,0,0.8,0.000,0,0
1489.995,0,0,0.8,0.000,0,0
1541.244,0,0,0.8,0.000,0,0
1592.552,0,0,0.8,0.000,0,0
1643.926,0,0,1.0,0.000,0,0
1695.258,0,0,1.1,0.000,0,0
1746.571,0,0,1.0,0.000,0,0
1797.879,0,0,1.0,0.000,0,0
1849.240,0,0,0.8,0.000,0,0
1900.589,0,0,0.9,0.000,0,0
1951.829,0,0,0.8,0.000,0,0
2003.145,0,0,0.8,0.000,0,0
2054.506,0,0,0.8,0.000,0,0
2105.801,0,0,0.9,0.000,0,0
2157.113,0,0,0.9,0.000,0,0
2208.230,0,0,0.9,0.000,0,0
2259.502,0,0,1.5,0.000,0,0
2310.915,0,0,1.2,0.000,0,0
2362.346,0,0,1.0,0.000,0,0
2413.559,0,0,0.9,0.000,0,0
2464.804,0,0,0.9,0.000,0,0
2516.125,0,0,0.8,0.000,0,0
2567.639,0,0,0.8,0.000,0,0
2618.916,0,0,0.8,0.000,0,0
2670.198,0,0,0.8,0.000,0,0
2721.494,0,0,0.9,0.000,0,0
2772.867,0,0,0.8,0.000,0,0
2824.212,0,0,0.8,0.000,0,0
2875.471,0,0,0.8,0.000,0,0
2926.829,0,0,0.8,0.000,0,0
2978.186,0,0,0.8,0.000,0,0
3029.479,0,0,0.9,0.000,0,0
3080.827,0,0,0.8,0.000,0,0
3132.138,0,0,0.8,0.000,0,0
3183.515,0,0,1.1,0.000,0,0
3234.839,0,0,1.0,0.000,0,0
3286.232,0,0,0.8,0.000,0,0
3337.518,0,0,1.1,0.000,0,0
3388.778,0,0,0.9,0.000,0,0
3440.152,0,0,0.8,0.000,0,0
3491.427,0,0,0.8,0.000,0,0
3542.744,0,0,0.8,0.000,0,0
3594.109,0,0,0.8,0.000,0,0
3645.381,0,0,0.9,0.000,0,0
3696.692,0,0,0.8,0.000,0,0
3748.033,0,0,0.8,0.000,0,0
3799.287,0,0,0.8,0.000,0,0
3850.639,0,0,0.8,0.000,0,0
3901.943,0,0,0.9,0.000,0,0
3953.284,0,0,0.8,0.000,0,0
4004.604,0,0,0.8,0.000,0,0
4055.872,0,0,0.8,0.000,0,0
4107.151,0,0,0.9,0.000,0,0
4158.436,0,0,0.8,0.000,0,0
4209.793,0,0,0.8,0.000,0,0
4261.074,0,0,0.8,0.000,0,0
4312.368,0,0,0.8,0.000,0,0
4363.683,0,0,0.8,0.000,0,0
4415.014,0,0,0.8,0.000,0,0
4466.364,0,0,0.8,0.000,0,0
4517.529,0,0,1.1,0.000,0,0
4568.806,0,0,0.9,0.000,0,0
4620.028,0,0,0.8,0.000,0,0
4671.317,0,0,0.8,0.000,0,0
4722.616,0,0,0.8,0.000,0,0
4773.975,0,0,0.8,0.000,0,0
4825.249,0,0,0.6,0.000,0,0
4876.546,0,0,0.9,0.000,0,0
4927.846,0,0,0.9,0.000,0,0
4979.161,0,0,0.8,0.000,0,0
5030.515,0,0,0.8,0.000,0,0
5081.783,0,0,0.9,0.000,0,0
5133.167,0,0,0.8,0.000,0,0
5184.445,0,0,0.9,0.000,0,0
5235.724,0,0,0.9,0.000,0,0
5287.028,0,0,0.9,0.000,0,0
5338.338,0,0,1.1,0.000,0,0
5389.651,0,0,1.1,0.000,0,0
5440.908,0,0,1.0,0.000,0,0
5492.230,0,0,0.9,0.000,0,0
5543.535,0,0,0.8,0.000,0,0
5594.792,0,0,0.8,0.000,0,0
5646.072,0,0,0.8,0.000,0,0
5697.355,0,0,0.8,0.000,0,0
5748.559,0,0,0.9,0.000,0,0
5799.767,0,0,0.8,0.000,0,0
5851.008,0,0,0.8,0.000,0,0
5902.417,0,0,0.8,0.000,0,0
5953.726,0,0,0.9,0.000,0,0
6004.959,0,0,0.8,0.000,0,0
6056.234,0,0,0.9,0.000,0,0
6107.470,0,0,1.0,0.000,0,0
6158.677,0,0,0.9,0.000,0,0
6209.905,0,0,1.0,0.000,0,0
6261.167,0,0,0.8,0.000,0,0
6312.453,0,0,0.9,0.000,0,0
6363.692,0,0,0.8,0.000,0,0
6414.878,0,0,0.8,0.000,0,0
6466.163,0,0,0.8,0.000,0,0
6517.338,0,0,0.8,0.000,0,0
6568.675,0,0,0.8,0.000,0,0
6619.954,0,0,0.8,0.000,0,0
6671.263,0,0,0.8,0.000,0,0
6722.627,0,0,0.8,0.000,0,0
6773.720,0,0,0.8,0.000,0,0
6824.892,0,0,0.9,0.000,0,0
6876.172,0,0,0.9,0.000,0,0
6927.488,0,0,0.9,0.000,0,0
6978.782,0,0,0.9,0.000,0,0
7030.120,0,0,0.9,0.000,0,0
7081.448,0,0,0.8,0.000,0,0
7132.775,0,0,0.9,0.000,0,0
7184.131,0,0,0.8,0.000,0,0
7235.420,0,0,0.8,0.000,0,0
7286.582,0,0,0.8,0.000,0,0
7338.015,0,0,0.8,0.000,0,0
7389.415,0,0,0.8,0.000,0,0
7440.805,0,0,0.8,0.000,0,0
7492.247,0,0,0.9,0.000,0,0
7543.587,0,0,1.0,0.000,0,0
7594.879,0,0,0.9,0.000,0,0
7646.296,0,0,0.8,0.000,0,0
7697.623,0,0,0.9,0.000,0,0
7748.920,0,0,0.8,0.000,0,0
7800.279,0,0,1.1,0.000,0,0
7851.598,0,0,0.8,0.000,0,0
7902.886,0,0,0.8,0.000,0,0
7954.177,0,0,0.8,0.000,0,0
8005.469,0,0,0.8,0.000,0,0
8056.754,0,0,0.8,0.000,0,0
8107.996,0,0,0.8,0.000,0,0
8159.237,0,0,0.8,0.000,0,0
8210.615,0,0,0.8,0.000,0,0
8261.944,0,0,0.8,0.000,0,0
8313.347,0,0,0.8,0.000,0,0
8364.742,0,0,0.9,0.000,0,0
8416.045,0,0,0.9,0.000,0,0
8467.365,0,0,0.8,0.000,0,0
8518.769,0,0,0.8,0.000,0,0
8570.174,0,0,0.8,0.000,0,0
8621.454,0,0,0.9,0.000,0,0
8672.736,0,0,0.8,0.000,0,0
8724.082,0,0,0.8,0.000,0,0
8775.368,0,0,0.8,0.000,0,0
8826.684,0,0,0.8,0.000,0,0
8877.992,0,0,0.8,0.000,0,0
8929.260,0,0,0.8,0.000,0,0
8980.565,0,0,0.8,0.000,0,0
9031.976,0,0,0.8,0.000,0,0
9083.253,0,0,0.8,0.000,0,0
9134.570,0,0,0.8,0.000,0,0
9185.910,0,0,0.9,0.000,0,0
9237.259,0,0,1.1,0.000,0,0
9288.496,0,0,0.8,0.000,0,0
9339.738,0,0,0.9,0.000,0,0
9391.134,0,0,0.8,0.000,0,0
9442.505,0,0,0.8,0.000,0,0
9494.044,0,0,0.8,0.000,0,0
9545.326,0,0,0.8,0.000,0,0
9596.671,0,0,0.8,0.000,0,0
9648.046,0,0,0.8,0.000,0,0
9699.334,0,0,0.8,0.000,0,0
9750.608,0,0,1.0,0.000,0,0
9801.887,0,0,0.9,0.000,0,0
9853.180,0,0,0.9,0.000,0,0
9904.512,0,0,0.9,0.000,0,0
9955.714,0,0,0.8,0.000,0,0
10007.011,0,0,0.8,0.000,0,0
10058.303,0,0,0.8,0.000,0,0
10109.541,0,0,0.9,0.000,0,0
10160.844,0,0,0.8,0.000,0,0
10211.964,0,0,0.8,0.000,0,0
10263.199,0,0,0.8,0.000,0,0
10314.460,0,0,0.8,0.000,0,0
10365.758,0,0,0.9,0.000,0,0
10417.077,0,0,0.9,0.000,0,0
10468.447,0,0,0.9,0.000,0,0
10519.816,0,0,0.8,0.000,0,0
10571.081,0,0,0.9,0.000,0,0
10622.401,0,0,0.8,0.000,0,0
10673.666,0,0,0.9,0.000,0,0
10725.007,0,0,0.8,0.000,0,0
10776.186,0,0,0.8,0.000,0,0
10827.550,0,0,0.8,0.000,0,0
10878.911,0,0,0.7,0.000,0,0
10930.244,0,0,0.8,0.000,0,0
10981.567,0,0,0.9,0.000,0,0
11032.915,0,0,0.9,0.000,0,0
11084.232,0,0,0.8,0.000,0,0
11135.493,0,0,0.8,0.000,0,0
11186.840,0,0,0.8,0.000,0,0
11238.203,0,0,0.9,0.000,0,0
11289.497,0,0,1.1,0.000,0,0
11340.805,0,0,0.9,0.000,0,0
11392.088,0,0,0.8,0.000,0,0
11443.439,0,0,0.9,0.000,0,0
11494.818,0,0,0.9,0.000,0,0
11546.188,0,0,0.8,0.000,0,0
11597.486,0,0,0.8,0.000,0,0
11648.808,0,0,0.8,0.000,0,0
11700.152,0,0,0.8,0.000,0,0
11751.445,0,0,0.8,0.000,0,0
11802.848,0,0,0.8,0.000,0,0
11854.194,0,0,0.8,0.000,0,0
11905.535,0,0,0.9,0.000,0,0
11956.842,0,0,0.8,0.000,0,0
12008.151,0,0,0.8,0.000,0,0
12059.527,0,0,0.9,0.000,0,0
12110.765,0,0,1.1,0.000,0,0
12162.158,0,0,1.0,0.000,0,0
12213.460,0,0,1.1,0.000,0,0
12264.823,0,0,0.9,0.000,0,0
12316.190,0,0,24.0,0.000,0,0
12367.292,0,0,30.3,0.000,0,0
12418.368,0,0,14.5,0.000,0,0
12469.478,0,0,28.9,0.000,0,0
12520.543,0,0,27.0,0.000,0,0
12571.713,0,0,21.5,0.000,0,0
12622.683,0,0,18.2,0.000,0,0
12673.463,0,0,14.1,0.000,0,0
12724.693,0,0,9.2,0.000,0,0
12775.851,0,0,15.4,0.000,0,0
12826.836,0,0,6.6,0.000,0,0
12878.099,0,0,4.3,0.000,0,0
12929.414,0,0,2.0,0.000,0,0
12980.700,0,0,0.8,0.000,0,0
13032.103,0,0,4.2,0.000,0,0
13083.591,0,0,5.4,0.000,0,0
13135.228,0,0,6.1,0.000,0,0
13186.544,0,0,5.1,0.000,0,0
13237.940,0,0,2.6,0.000,0,0
13289.304,0,0,1.5,0.000,0,0
13340.848,0,0,2.5,0.000,0,0
13392.504,0,0,0.9,0.000,0,0
13444.105,0,0,1.3,0.000,0,0
13495.649,0,0,0.9,0.000,0,0
13547.146,0,0,0.9,0.000,0,0
13598.709,0,0,1.1,0.000,0,0
13650.249,0,0,1.1,0.000,0,0
13701.720,0,0,0.9,0.000,0,0
13753.199,0,0,0.9,0.000,0,0
13804.754,0,0,0.9,0.000,0,0
13856.275,0,0,0.8,0.000,0,0
13907.773,0,0,0.8,0.000,0,0
13959.262,0,0,0.8,0.000,0,0
14010.787,0,0,0.9,0.000,0,0
14062.308,0,0,0.8,0.000,0,0
14113.847,0,0,0.8,0.000,0,0
14165.273,0,0,0.8,0.000,0,0
14216.706,0,0,0.9,0.000,0,0
14268.226,0,0,1.0,0.000,0,0
14319.777,0,0,0.9,0.000,0,0
14371.305,0,0,1.0,0.000,0,0
14422.824,0,0,0.8,0.000,0,0
14474.394,0,0,0.9,0.000,0,0
14525.970,0,0,0.9,0.000,0,0
14577.415,0,0,1.1,0.000,0,0
14628.923,0,0,0.9,0.000,0,0
14680.469,0,0,0.8,0.000,0,0
14732.035,0,0,0.8,0.000,0,0
14783.546,0,0,0.8,0.000,0,0
14835.083,0,0,0.8,0.000,0,0
14886.616,0,0,0.9,0.000,0,0
14938.119,0,0,0.9,0.000,0,0
14989.673,0,0,0.9,0.000,0,0
15041.181,0,0,0.8,0.000,0,0
15092.707,0,0,1.0,0.000,0,0
15144.207,0,0,1.0,0.000,0,0
15195.736,0,0,0.8,0.000,0,0
15247.225,0,0,0.8,0.000,0,0
15298.762,0,0,0.9,0.000,0,0
15350.317,0,0,0.8,0.000,0,0
15401.871,0,0,0.8,0.000,0,0
15453.243,0,0,0.8,0.000,0,0
15504.699,0,0,0.9,0.000,0,0
15556.182,0,0,0.8,0.000,0,0
15607.682,0,0,0.8,0.000,0,0
15659.190,0,0,1.1,0.000,0,0
15710.726,0,0,1.0,0.000,0,0
15762.288,0,0,0.8,0.000,0,0
15813.815,0,0,0.9,0.000,0,0
15865.299,0,0,0.6,0.000,0,0
15916.840,0,0,0.9,0.000,0,0
15968.356,0,0,0.9,0.000,0,0
16019.865,0,0,0.9,0.000,0,0
16071.420,0,0,0.8,0.000,0,0
16122.964,0,0,0.8,0.000,0,0
16174.507,0,0,0.8,0.000,0,0
16225.983,0,0,0.9,0.000,0,0
16277.535,0,0,0.9,0.000,0,0
16328.945,0,0,0.8,0.000,0,0
16380.441,0,0,0.9,0.000,0,0
16431.918,0,0,0.8,0.000,0,0
16483.461,0,0,0.9,0.000,0,0
16534.982,0,0,0.9,0.000,0,0
16586.525,0,0,0.9,0.000,0,0
16638.070,0,0,0.9,0.000,0,0
16689.517,0,0,1.1,0.000,0,0
16740.959,0,0,0.8,0.000,0,0
16792.513,0,0,0.9,0.000,0,0
16844.971,0,0,0.9,0.000,0,0
16896.486,0,0,0.9,0.000,0,0
16947.941,0,0,0.8,0.000,0,0
16999.496,0,0,0.8,0.000,0,0
17050.984,0,0,0.8,0.000,0,0
17102.525,0,0,0.9,0.000,0,0
17154.082,0,0,1.1,0.000,0,0
17205.520,0,0,0.8,0.000,0,0
17256.956,0,0,0.9,0.000,0,0
17308.495,0,0,1.0,0.000,0,0
17360.038,0,0,1.0,0.000,0,0
17411.626,0,0,0.8,0.000,0,0
17463.158,0,0,0.8,0.000,0,0
17514.645,0,0,0.9,0.000,0,0
17566.135,0,0,0.9,0.000,0,0
17617.616,0,0,0.9,0.000,0,0
17669.100,0,0,0.8,0.000,0,0
17720.630,0,0,0.9,0.000,0,0
17772.169,0,0,0.9,0.000,0,0
17823.626,0,0,0.9,0.000,0,0
17875.166,0,0,0.8,0.000,0,0
17926.667,0,0,0.9,0.000,0,0
17978.214,0,0,0.8,0.000,0,0
18029.750,0,0,1.1,0.000,0,0
18081.142,0,0,0.6,0.000,0,0
18132.561,0,0,1.1,0.000,0,0
18184.120,0,0,0.9,0.000,0,0
18235.572,0,0,0.8,0.000,0,0
18287.041,0,0,0.8,0.000,0,0
18338.691,0,0,0.9,0.000,0,0
18390.291,0,0,0.9,0.000,0,0
18441.846,0,0,0.9,0.000,0,0
18493.342,0,0,0.9,0.000,0,0
18544.810,0,0,0.9,0.000,0,0
18596.336,0,0,0.8,0.000,0,0
18647.842,0,0,0.9,0.000,0,0
18699.390,0,0,0.9,0.000,0,0
18750.935,0,0,0.9,0.000,0,0
18802.437,0,0,1.0,0.000,0,0
18853.996,0,0,0.9,0.000,0,0
18905.450,0,0,0.9,0.000,0,0
18956.927,0,0,0.9,0.000,0,0
19008.418,0,0,0.8,0.000,0,0
19059.913,0,0,0.8,0.000,0,0
19111.450,0,0,0.8,0.000,0,0
19162.971,0,0,0.8,0.000,0,0
19214.394,0,0,0.9,0.000,0,0
19265.918,0,0,0.9,0.000,0,0
19317.394,0,0,0.8,0.000,0,0
19368.923,0,0,0.9,0.000,0,0
19420.468,0,0,0.9,0.000,0,0
19472.007,0,0,0.9,0.000,0,0
19523.489,0,0,0.8,0.000,0,0
19575.043,0,0,0.8,0.000,0,0
19626.601,0,0,0.8,0.000,0,0
19678.102,0,0,0.9,0.000,0,0
19729.594,0,0,0.9,0.000,0,0
19780.880,0,0,0.6,0.000,0,0
19832.385,0,0,0.8,0.000,0,0
19883.914,0,0,0.8,0.000,0,0
19935.444,0,0,0.8,0.000,0,0
19986.965,0,0,0.8,0.000,0,0
20038.494,0,0,0.8,0.000,0,0
20090.067,0,0,0.9,0.000,0,0
20141.580,0,0,0.8,0.000,0,0
20193.003,0,0,0.9,0.000,0,0
20244.544,0,0,0.9,0.000,0,0
20296.126,0,0,0.9,0.000,0,0
20347.652,0,0,0.8,0.000,0,0
20399.173,0,0,0.8,0.000,0,0
20450.640,0,0,0.9,0.000,0,0
20502.168,0,0,0.9,0.000,0,0
20553.649,0,0,0.8,0.000,0,0
20605.263,0,0,0.9,0.000,0,0
20656.795,0,0,0.8,0.000,0,0
20708.323,0,0,0.8,0.000,0,0
20759.774,0,0,0.9,0.000,0,0
20811.235,0,0,0.9,0.000,0,0
20862.784,0,0,0.8,0.000,0,0
20914.355,0,0,0.8,0.000,0,0
20965.955,0,0,0.9,0.000,0,0
21017.464,0,0,0.8,0.000,0,0
21068.968,0,0,0.9,0.000,0,0
21120.474,0,0,1.0,0.000,0,0
21171.950,0,0,1.1,0.000,0,0
21223.456,0,0,1.1,0.000,0,0
21274.982,0,0,1.0,0.000,0,0
21326.531,0,0,0.9,0.000,0,0
21378.065,0,0,0.8,0.000,0,0
21429.527,0,0,0.9,0.000,0,0
21480.961,0,0,0.8,0.000,0,0
21532.482,0,0,0.8,0.000,0,0
21584.047,0,0,0.9,0.000,0,0
21635.626,0,0,0.8,0.000,0,0
21687.159,0,0,0.8,0.000,0,0
21738.670,0,0,0.9,0.000,0,0
21790.154,0,0,1.0,0.000,0,0
21841.690,0,0,0.8,0.000,0,0
21893.200,0,0,0.9,0.000,0,0
21944.747,0,0,0.9,0.000,0,0
21996.306,0,0,1.0,0.000,0,0
22047.827,0,0,1.0,0.000,0,0
22099.290,0,0,0.9,0.000,0,0
22150.743,0,0,0.8,0.000,0,0
22202.269,0,0,0.8,0.000,0,0
22253.833,0,0,0.8,0.000,0,0
22305.260,0,0,0.9,0.000,0,0
22356.756,0,0,0.8,0.000,0,0
22408.186,0,0,0.8,0.000,0,0
22459.748,0,0,0.8,0.000,0,0
22511.390,0,0,0.9,0.000,0,0
22562.953,0,0,1.0,0.000,0,0
22614.490,0,0,1.1,0.000,0,0
22666.054,0,0,1.0,0.000,0,0
22717.507,0,0,1.1,0.000,0,0
22769.009,0,0,0.8,0.000,0,0
22820.492,0,0,0.9,0.000,0,0
22872.028,0,0,0.9,0.000,0,0
22923.551,0,0,0.8,0.000,0,0
22975.034,0,0,0.8,0.000,0,0
23026.493,0,0,0.8,0.000,0,0
23078.008,0,0,0.9,0.000,0,0
23129.486,0,0,0.8,0.000,0,0
23180.949,0,0,0.8,0.000,0,0
23232.429,0,0,0.9,0.000,0,0
23283.931,0,0,0.9,0.000,0,0
23335.382,0,0,1.0,0.000,0,0
23386.930,0,0,1.0,0.000,0,0
23438.478,0,0,1.0,0.000,0,0
23490.006,0,0,1.1,0.000,0,0
23541.406,0,0,1.1,0.000,0,0
23592.867,0,0,0.9,0.000,0,0
23644.397,0,0,0.8,0.000,0,0
23695.932,0,0,0.8,0.000,0,0
23747.437,0,0,0.9,0.000,0,0
23798.870,0,0,0.8,0.000,0,0
23850.386,0,0,0.8,0.000,0,0
23901.962,0,0,0.9,0.000,0,0
23953.374,0,0,0.8,0.000,0,0
24004.884,0,0,0.8,0.000,0,0
24056.386,0,0,0.8,0.000,0,0
24107.878,0,0,0.9,0.000,0,0
24159.412,0,0,0.9,0.000,0,0
24210.951,0,0,0.8,0.000,0,0
24262.444,0,0,0.8,0.000,0,0
24313.929,0,0,0.9,0.000,0,0
24365.773,0,0,0.9,0.000,0,0
24417.171,0,0,0.9,0.000,0,0
24468.643,0,0,26.7,0.000,0,0
24519.920,0,0,11.8,0.000,0,0
24571.144,0,0,30.0,0.000,0,0
24622.633,0,0,29.1,0.000,0,0
24673.687,0,0,27.9,0.000,0,0
24724.791,0,0,24.5,0.000,0,0
24776.117,0,0,27.4,0.000,0,0
24827.630,0,0,20.7,0.000,0,0
24878.861,0,0,16.7,0.000,0,0
24930.845,0,0,15.6,0.000,0,0
24982.207,0,0,16.2,0.000,0,0
25033.269,0,0,10.9,0.000,0,0
25084.445,0,0,11.5,0.000,0,0
25135.534,0,0,8.7,0.000,0,0
25187.059,0,0,8.2,0.000,0,0
25238.492,0,0,5.8,0.000,0,0
25289.543,0,0,5.2,0.000,0,0
25341.009,0,0,3.7,0.000,0,0
25392.419,0,0,6.3,0.000,0,0
25444.140,0,0,1.9,0.000,0,0
25495.587,0,0,5.3,0.000,0,0
25547.043,0,0,6.4,0.000,0,0
25598.264,0,0,4.9,0.000,0,0
25649.329,0,0,2.6,0.000,0,0
25701.030,0,0,3.5,0.000,0,0
25752.631,0,0,0.0,0.000,0,0
25803.945,0,0,0.2,0.000,0,0
25855.224,0,0,0.3,0.000,0,0
25906.842,0,0,0.1,0.000,0,0
25958.305,0,0,0.2,0.000,0,0
26009.786,0,0,0.0,0.000,0,0
26061.217,0,0,0.2,0.000,0,0
26112.642,0,0,0.1,0.000,0,0
26163.910,0,0,0.2,0.000,0,0
26215.218,0,0,0.2,0.000,0,0
26266.694,0,0,0.2,0.000,0,0
26318.176,0,0,0.1,0.000,0,0
26369.638,0,0,0.0,0.000,0,0
26421.004,0,0,0.1,0.000,0,0
26472.299,0,0,0.2,0.000,0,0
26523.502,0,0,0.2,0.000,0,0
26574.943,0,0,0.2,0.000,0,0
26626.369,0,0,0.1,0.000,0,0
26677.836,0,0,0.2,0.000,0,0
26729.294,0,0,0.2,0.000,0,0
26780.680,0,0,0.2,0.000,0,0
26831.848,0,0,0.0,0.000,0,0
26883.140,0,0,0.1,0.000,0,0
26934.577,0,0,0.0,0.000,0,0
26985.899,0,0,0.0,0.000,0,0
27037.334,0,0,0.0,0.000,0,0
27088.615,0,0,0.1,0.000,0,0
27140.085,0,0,0.1,0.000,0,0
27191.585,0,0,0.0,0.000,0,0
27242.900,0,0,0.1,0.000,0,0
27294.274,0,0,0.1,0.000,0,0
27345.792,0,0,0.2,0.000,0,0
27397.236,0,0,0.2,0.000,0,0
27448.705,0,0,0.1,0.000,0,0
27500.065,0,0,0.1,0.000,0,0
27551.449,0,0,0.0,0.000,0,0
27602.982,0,0,0.1,0.000,0,0
27654.214,0,0,0.2,0.000,0,0
27705.446,0,0,0.6,0.000,0,0
27756.714,0,0,0.5,0.000,0,0
27808.009,0,0,0.2,0.000,0,0
27859.366,0,0,0.2,0.000,0,0
27910.472,0,0,0.3,0.000,0,0
27961.831,0,0,0.3,0.000,0,0
28013.259,0,0,0.0,0.000,0,0
28064.464,0,0,0.1,0.000,0,0
28116.223,0,0,0.1,0.000,0,0
28167.626,0,0,0.1,0.000,0,0
28219.108,0,0,0.1,0.000,0,0
28270.336,0,0,0.2,0.000,0,0
28321.496,0,0,11.7,0.000,0,0
28373.150,0,0,22.7,0.000,0,0
28425.664,0,0,66.7,0.000,0,0
28477.120,0,0,64.0,0.000,0,0
28528.571,0,0,35.7,0.000,0,0
28579.678,0,0,19.1,0.000,0,0
28631.021,0,0,28.7,0.000,0,0
28682.211,0,0,6.3,0.000,0,0
28733.239,0,0,3.1,0.000,0,0
28784.248,0,0,5.8,0.000,0,0
28835.290,0,0,4.9,0.000,0,0
28886.729,0,0,4.6,0.000,0,0
28938.175,0,0,13.5,0.000,0,0
28990.667,0,0,53.9,0.000,0,0
29045.606,0,0,19.1,0.000,0,0
29097.672,0,0,64.9,0.000,0,0
29149.251,0,0,57.9,0.000,0,0
29200.651,0,0,52.5,0.000,0,0
29253.518,0,0,65.9,0.000,0,0
29304.865,0,0,61.8,0.000,0,0
29356.210,0,0,64.9,0.000,0,0
29407.554,0,0,66.5,0.000,0,0
29459.050,0,0,70.3,0.000,0,0
29510.557,0,0,72.5,0.000,0,0
29562.013,0,0,66.9,0.000,0,0
29615.951,0,0,68.6,0.000,0,0
29668.003,0,0,71.7,0.000,0,0
29720.067,0,0,59.9,0.000,0,0
29771.678,0,0,75.1,0.000,0,0
29826.433,0,0,73.6,0.000,0,0
29878.255,0,0,70.4,0.000,0,0
29929.797,0,0,68.2,0.000,0,0
29982.160,0,0,79.0,0.000,0,0
30034.300,0,0,71.4,0.000,0,0
30086.628,0,0,57.1,0.000,0,0
30138.487,0,0,68.4,0.000,0,0
30190.379,0,0,71.2,0.000,0,0
30242.019,0,0,52.4,0.000,0,0
30293.202,0,0,45.3,0.000,0,0
30344.167,0,0,59.6,0.000,0,0
30395.005,0,0,20.2,0.000,0,0
30445.983,0,0,25.7,0.000,0,0
30496.762,0,0,9.8,0.000,0,0
30548.118,0,0,4.7,0.000,0,0
30599.497,0,0,6.6,0.000,0,0
30651.059,0,0,5.2,0.000,0,0
30702.524,0,0,4.0,0.000,0,0
30753.989,0,0,1.7,0.000,0,0
30805.410,0,0,7.0,0.000,0,0
30858.230,0,0,45.5,0.000,0,0
30910.286,0,0,75.0,0.000,0,0
30962.368,0,0,75.1,0.000,0,0
31014.051,0,0,70.1,0.000,0,0
31066.374,0,0,57.1,0.000,0,0
31118.618,0,0,78.0,0.000,0,0
31170.403,0,0,70.4,0.000,0,0
31223.005,0,0,68.9,0.000,0,0
31275.436,0,0,72.4,0.000,0,0
31328.706,0,0,80.8,0.000,0,0
31380.605,0,0,65.5,0.000,0,0
31432.278,0,0,76.4,0.000,0,0
31483.457,0,0,70.7,0.000,0,0
31534.533,0,0,71.3,0.000,0,0
31586.175,0,0,76.1,0.000,0,0
31637.960,0,0,58.1,0.000,0,0
31689.227,0,0,66.4,0.000,0,0
31740.779,0,0,65.6,0.000,0,0
31792.226,0,0,54.1,0.000,0,0
31844.165,0,0,56.7,0.000,0,0
31895.515,0,0,45.9,0.000,0,0
31946.850,0,0,39.0,0.000,0,0
31997.596,0,0,20.2,0.000,0,0
32049.136,0,0,11.7,0.000,0,0
32100.227,0,0,29.1,0.000,0,0
32151.421,0,0,5.8,0.000,0,0
32202.383,0,0,5.5,0.000,0,0
32253.630,0,0,4.0,0.000,0,0
32305.222,0,0,2.0,0.000,0,0
32356.827,0,0,4.5,0.000,0,0
32408.235,0,0,1.8,0.000,0,0
32459.699,0,0,1.6,0.000,0,0
32511.299,0,0,1.6,0.000,0,0
32562.851,0,0,1.7,0.000,0,0
32614.396,0,0,1.4,0.000,0,0
32666.004,0,0,1.1,0.000,0,0
32717.567,0,0,3.0,0.000,0,0
32769.046,0,0,1.8,0.000,0,0
32820.536,0,0,1.2,0.000,0,0
32872.216,0,0,2.0,0.000,0,0
32923.657,0,0,1.7,0.000,0,0
32975.161,0,0,1.8,0.000,0,0
33026.725,0,0,2.0,0.000,0,0
33078.284,0,0,1.7,0.000,0,0
33129.620,0,0,1.4,0.000,0,0
33181.097,0,0,1.3,0.000,0,0
33232.736,0,0,1.7,0.000,0,0
33284.235,0,0,1.3,0.000,0,0
33335.694,0,0,0.9,0.000,0,0
33387.176,0,0,1.0,0.000,0,0
33438.644,0,0,1.2,0.000,0,0
33490.152,0,0,1.2,0.000,0,0
33541.630,0,0,0.9,0.000,0,0
33593.060,0,0,1.2,0.000,0,0
33644.588,0,0,1.1,0.000,0,0
33695.918,0,0,1.2,0.000,0,0
33747.325,0,0,1.0,0.000,0,0
33798.731,0,0,0.9,0.000,0,0
33850.184,0,0,1.2,0.000,0,0
33901.536,0,0,1.2,0.000,0,0
33952.959,0,0,1.5,0.000,0,0
34004.414,0,0,1.4,0.000,0,0
34055.832,0,0,1.1,0.000,0,0
34107.310,0,0,1.1,0.000,0,0
34158.757,0,0,1.2,0.000,0,0
34210.335,0,0,1.3,0.000,0,0
34261.774,0,0,1.2,0.000,0,0
34313.285,0,0,0.8,0.000,0,0
34364.783,0,0,1.0,0.000,0,0
34416.155,0,0,0.9,0.000,0,0
34467.548,0,0,0.8,0.000,0,0
34519.099,0,0,0.8,0.000,0,0
34570.643,0,0,0.8,0.000,0,0
34622.164,0,0,0.9,0.000,0,0
34673.526,0,0,0.9,0.000,0,0
34724.729,0,0,3.1,0.000,0,0
34776.183,0,0,35.0,0.000,0,0
34827.406,0,0,45.6,0.000,0,0
34878.945,0,0,36.3,0.000,0,0
34930.343,0,0,36.3,0.000,0,0
34981.982,0,0,26.3,0.000,0,0
35033.501,0,0,16.5,0.000,0,0
35084.904,0,0,9.9,0.000,0,0
35136.134,0,0,10.6,0.000,0,0
35187.427,0,0,16.6,0.000,0,0
35238.683,0,0,21.2,0.000,0,0
35290.139,0,0,10.4,0.000,0,0
35341.386,0,0,5.8,0.000,0,0
35392.718,0,0,18.5,0.000,0,0
35444.149,0,0,1.4,0.000,0,0
35495.864,0,0,0.9,0.000,0,0
35548.236,0,0,2.6,0.000,0,0
35600.420,0,0,23.9,0.000,0,0
35652.420,0,0,69.8,0.000,0,0
35704.462,0,0,75.2,0.000,0,0
35756.685,0,0,72.2,0.000,0,0
35809.728,0,0,65.5,0.000,0,0
35861.227,0,0,64.9,0.000,0,0
35912.828,0,0,66.3,0.000,0,0
35965.677,0,0,76.4,0.000,0,0
36017.283,0,0,56.9,0.000,0,0
36069.710,0,0,72.4,0.000,0,0
36121.568,0,0,73.0,0.000,0,0
36173.957,0,0,70.3,0.000,0,0
36228.522,0,0,73.4,0.000,0,0
36280.102,0,0,64.5,0.000,0,0
36332.190,0,0,68.7,0.000,0,0
36386.692,0,0,68.6,0.000,0,0
36439.038,0,0,62.8,0.000,0,0
36490.572,0,0,74.5,0.000,0,0
36542.402,0,0,52.7,0.000,0,0
36593.684,0,0,48.4,0.000,0,0
36644.756,0,0,37.3,0.000,0,0
36695.619,0,0,25.8,0.000,0,0
36747.070,0,0,11.7,0.000,0,0
36798.397,0,0,51.1,0.000,0,0
36849.485,0,0,1.7,0.000,0,0
36900.886,0,0,1.2,0.000,0,0
36952.120,0,0,0.9,0.000,0,0
37003.424,0,0,19.2,0.000,0,0
37056.404,0,0,49.5,0.000,0,0
37108.193,0,0,75.0,0.000,0,0
37159.970,0,0,75.2,0.000,0,0
37211.469,0,0,33.6,0.000,0,0
37263.256,0,0,55.5,0.000,0,0
37315.751,0,0,68.6,0.000,0,0
37368.372,0,0,76.4,0.000,0,0
37420.360,0,0,70.5,0.000,0,0
37472.066,0,0,64.2,0.000,0,0
37525.501,0,0,69.7,0.000,0,0
37578.852,0,0,73.2,0.000,0,0
37630.654,0,0,82.2,0.000,0,0
37682.435,0,0,62.1,0.000,0,0
37734.939,0,0,68.9,0.000,0,0
37787.069,0,0,66.3,0.000,0,0
37840.575,0,0,69.5,0.000,0,0
37892.544,0,0,72.7,0.000,0,0
37944.195,0,0,51.6,0.000,0,0
37995.614,0,0,51.1,0.000,0,0
38047.098,0,0,44.2,0.000,0,0
38098.619,0,0,52.4,0.000,0,0
38150.140,0,0,19.8,0.000,0,0
38201.482,0,0,12.3,0.000,0,0
38252.542,0,0,16.9,0.000,0,0
38303.720,0,0,3.4,0.000,0,0
38354.964,0,0,4.1,0.000,0,0
38406.353,0,0,1.5,0.000,0,0
38457.768,0,0,1.9,0.000,0,0
38509.322,0,0,7.3,0.000,0,0
38561.116,0,0,18.3,0.000,0,0
38612.767,0,0,0.8,0.000,0,0
38664.332,0,0,1.7,0.000,0,0
38715.787,0,0,5.0,0.000,0,0
38767.395,0,0,1.5,0.000,0,0
38818.812,0,0,1.6,0.000,0,0
38870.278,0,0,1.8,0.000,0,0
38921.606,0,0,2.1,0.000,0,0
38973.075,0,0,1.8,0.000,0,0
39024.547,0,0,1.2,0.000,0,0
39076.020,0,0,1.0,0.000,0,0
39127.442,0,0,1.1,0.000,0,0
39178.946,0,0,1.4,0.000,0,0
39230.398,0,0,1.5,0.000,0,0
39282.351,0,0,0.9,0.000,0,0
39333.716,0,0,1.4,0.000,0,0
39385.214,0,0,0.8,0.000,0,0
39436.547,0,0,1.2,0.000,0,0
39488.024,0,0,1.3,0.000,0,0
39539.539,0,0,0.9,0.000,0,0
39591.062,0,0,1.1,0.000,0,0
39642.482,0,0,1.1,0.000,0,0
39694.000,0,0,1.7,0.000,0,0
39745.388,0,0,1.1,0.000,0,0
39796.844,0,0,1.1,0.000,0,0
39848.422,0,0,0.8,0.000,0,0
39899.939,0,0,1.1,0.000,0,0
39951.510,0,0,1.1,0.000,0,0
40003.005,0,0,1.0,0.000,0,0
40054.557,0,0,0.9,0.000,0,0
40106.068,0,0,0.9,0.000,0,0
40157.512,0,0,0.8,0.000,0,0
40209.049,0,0,0.9,0.000,0,0
40260.577,0,0,0.8,0.000,0,0
40312.105,0,0,0.8,0.000,0,0
40363.562,0,0,1.1,0.000,0,0
40415.047,0,0,0.8,0.000,0,0
40466.490,0,0,1.0,0.000,0,0
40517.959,0,0,0.5,0.000,0,0
40569.408,0,0,0.0,0.000,0,0
40620.795,0,0,0.1,0.000,0,0
40672.314,0,0,0.2,0.000,0,0
40723.974,0,0,0.2,0.000,0,0
40775.443,0,0,0.1,0.000,0,0
40826.957,0,0,0.2,0.000,0,0
40878.345,0,0,0.2,0.000,0,0
40929.977,0,0,0.3,0.000,0,0
40981.577,0,0,0.3,0.000,0,0
41033.068,0,0,0.0,0.000,0,0
41084.538,0,0,0.2,0.000,0,0
41136.077,0,0,0.2,0.000,0,0
41187.797,0,0,0.0,0.000,0,0
41239.423,0,0,0.1,0.000,0,0
41290.999,0,0,0.1,0.000,0,0
41342.617,0,0,0.1,0.000,0,0
41394.244,0,0,0.1,0.000,0,0
41445.630,0,0,0.2,0.000,0,0
41497.098,0,0,0.0,0.000,0,0
41548.690,0,0,0.1,0.000,0,0
41600.301,0,0,0.2,0.000,0,0
41651.895,0,0,0.1,0.000,0,0
41703.231,0,0,0.3,0.000,0,0
41754.713,0,0,0.2,0.000,0,0
41806.189,0,0,0.2,0.000,0,0
41857.840,0,0,0.0,0.000,0,0
41909.283,0,0,0.0,0.000,0,0
41960.800,0,0,0.0,0.000,0,0
42012.539,0,0,0.1,0.000,0,0
42064.032,0,0,0.1,0.000,0,0
42115.695,0,0,0.0,0.000,0,0
42167.157,0,0,0.0,0.000,0,0
42218.635,0,0,0.0,0.000,0,0
42270.221,0,0,0.1,0.000,0,0
42321.716,0,0,0.2,0.000,0,0
42373.328,0,0,0.2,0.000,0,0
42424.973,0,0,0.1,0.000,0,0
42476.506,0,0,0.3,0.000,0,0
42527.913,0,0,0.1,0.000,0,0
42579.429,0,0,0.1,0.000,0,0
42630.851,0,0,11.9,0.000,0,0
42682.611,0,0,73.3,0.000,0,0
42734.103,0,0,38.8,0.000,0,0
42785.414,0,0,16.1,0.000,0,0
42837.075,0,0,13.5,0.000,0,0
42888.739,0,0,7.1,0.000,0,0
42940.062,0,0,5.3,0.000,0,0
42991.899,0,0,5.8,0.000,0,0
43043.331,0,0,6.1,0.000,0,0
43094.660,0,0,4.7,0.000,0,0
43145.908,0,0,1.1,0.000,0,0
43197.327,0,0,0.8,0.000,0,0
43248.744,0,0,13.4,0.000,0,0
43300.407,0,0,14.3,0.000,0,0
43352.611,0,0,66.4,0.000,0,0
43404.071,0,0,35.9,0.000,0,0
43456.066,0,0,70.9,0.000,0,0
43508.339,0,0,75.8,0.000,0,0
43560.525,0,0,70.2,0.000,0,0
43612.078,0,0,70.0,0.000,0,0
43663.515,0,0,70.2,0.000,0,0
43715.237,0,0,72.4,0.000,0,0
43767.192,0,0,67.1,0.000,0,0
43821.378,0,0,63.4,0.000,0,0
43875.379,0,0,72.8,0.000,0,0
43928.680,0,0,73.9,0.000,0,0
43983.580,0,0,69.2,0.000,0,0
44035.917,0,0,69.9,0.000,0,0
44087.707,0,0,66.1,0.000,0,0
44139.349,0,0,58.6,0.000,0,0
44190.906,0,0,59.9,0.000,0,0
44242.465,0,0,58.2,0.000,0,0
44294.194,0,0,58.4,0.000,0,0
44345.498,0,0,40.7,0.000,0,0
44396.647,0,0,29.6,0.000,0,0
44447.825,0,0,20.6,0.000,0,0
44499.161,0,0,31.1,0.000,0,0
44550.176,0,0,7.0,0.000,0,0
44601.218,0,0,12.8,0.000,0,0
44652.529,0,0,3.2,0.000,0,0
44704.198,0,0,0.9,0.000,0,0
44755.541,0,0,2.4,0.000,0,0
44807.047,0,0,0.8,0.000,0,0
44858.524,0,0,0.9,0.000,0,0
44910.032,0,0,0.9,0.000,0,0
44961.562,0,0,0.8,0.000,0,0
45013.031,0,0,0.8,0.000,0,0
45064.523,0,0,1.1,0.000,0,0
45115.995,0,0,0.9,0.000,0,0
45167.509,0,0,0.8,0.000,0,0
45218.971,0,0,0.9,0.000,0,0
45270.380,0,0,0.8,0.000,0,0
45321.851,0,0,0.8,0.000,0,0
45373.278,0,0,0.8,0.000,0,0
45424.758,0,0,0.8,0.000,0,0
45476.278,0,0,0.9,0.000,0,0
45527.753,0,0,0.9,0.000,0,0
45579.144,0,0,0.8,0.000,0,0
45630.557,0,0,0.8,0.000,0,0
45681.987,0,0,0.8,0.000,0,0
45733.419,0,0,0.8,0.000,0,0
45784.879,0,0,0.9,0.000,0,0
45836.383,0,0,0.9,0.000,0,0
45887.855,0,0,0.8,0.000,0,0
45939.212,0,0,0.8,0.000,0,0
45990.724,0,0,0.9,0.000,0,0
46042.256,0,0,0.9,0.000,0,0
46093.729,0,0,0.9,0.000,0,0
46145.138,0,0,0.8,0.000,0,0
46196.632,0,0,0.9,0.000,0,0
46248.071,0,0,0.9,0.000,0,0
46299.502,0,0,0.8,0.000,0,0
46350.986,0,0,0.8,0.000,0,0
46402.451,0,0,0.8,0.000,0,0
46453.957,0,0,0.8,0.000,0,0
46505.345,0,0,0.8,0.000,0,0
46556.825,0,0,0.8,0.000,0,0
46608.322,0,0,0.8,0.000,0,0
46659.841,0,0,0.8,0.000,0,0
46711.601,0,0,0.8,0.000,0,0
46763.093,0,0,0.8,0.000,0,0
46814.638,0,0,0.8,0.000,0,0
46866.113,0,0,0.8,0.000,0,0
46917.568,0,0,0.9,0.000,0,0
46969.035,0,0,0.9,0.000,0,0
47020.541,0,0,0.9,0.000,0,0
47072.034,0,0,0.9,0.000,0,0
47123.474,0,0,0.9,0.000,0,0
47174.916,0,0,0.9,0.000,0,0
47226.443,0,0,1.0,0.000,0,0
47277.906,0,0,0.8,0.000,0,0
47329.312,0,0,0.8,0.000,0,0
47380.789,0,0,0.8,0.000,0,0
47432.282,0,0,0.8,0.000,0,0
47483.780,0,0,0.8,0.000,0,0
47535.244,0,0,0.8,0.000,0,0
47586.740,0,0,0.8,0.000,0,0
47638.254,0,0,0.8,0.000,0,0
47689.682,0,0,0.9,0.000,0,0
47741.102,0,0,0.8,0.000,0,0
47792.553,0,0,0.8,0.000,0,0
47844.004,0,0,0.9,0.000,0,0
47895.418,0,0,0.9,0.000,0,0
47946.900,0,0,0.9,0.000,0,0
47998.331,0,0,0.9,0.000,0,0
48049.715,0,0,0.9,0.000,0,0
48101.022,0,0,0.9,0.000,0,0
48152.421,0,0,1.0,0.000,0,0
48203.959,0,0,0.9,0.000,0,0
48255.473,0,0,0.8,0.000,0,0
48306.896,0,0,0.8,0.000,0,0
48358.524,0,0,0.9,0.000,0,0
48409.909,0,0,1.0,0.000,0,0
48461.428,0,0,0.8,0.000,0,0
48512.900,0,0,0.9,0.000,0,0
48564.397,0,0,1.1,0.000,0,0
48615.667,0,0,3.9,0.000,0,0
48667.023,0,0,3.8,0.000,0,0
48718.558,0,0,0.9,0.000,0,0
48770.072,0,0,1.1,0.000,0,0
48821.544,0,0,0.9,0.000,0,0
48872.966,0,0,1.0,0.000,0,0
48924.447,0,0,1.0,0.000,0,0
48975.920,0,0,1.0,0.000,0,0
49027.402,0,0,0.9,0.000,0,0
49078.759,0,0,1.1,0.000,0,0
49130.238,0,0,1.1,0.000,0,0
49181.628,0,0,1.1,0.000,0,0
49232.967,0,0,0.8,0.000,0,0
49284.427,0,0,0.9,0.000,0,0
49335.852,0,0,0.9,0.000,0,0
49387.211,0,0,0.9,0.000,0,0
49438.636,0,0,0.8,0.000,0,0
49490.169,0,0,1.3,0.000,0,0
49541.696,0,0,0.9,0.000,0,0
49593.004,0,0,0.8,0.000,0,0
49644.472,0,0,1.2,0.000,0,0
49695.966,0,0,1.2,0.000,0,0
49747.330,0,0,5.4,0.000,0,0
49799.362,0,0,53.0,0.000,0,0
49851.075,0,0,75.7,0.000,0,0
49902.982,0,0,75.2,0.000,0,0
49954.520,0,0,47.0,0.000,0,0
50006.260,0,0,61.2,0.000,0,0
50059.546,0,0,63.9,0.000,0,0
50111.184,0,0,73.8,0.000,0,0
50162.829,0,0,71.2,0.000,0,0
50214.532,0,0,63.3,0.000,0,0
50268.506,0,0,67.8,0.000,0,0
50320.788,0,0,71.8,0.000,0,0
50374.427,0,0,76.6,0.000,0,0
50427.427,0,0,69.7,0.000,0,0
50479.962,0,0,68.9,0.000,0,0
50531.807,0,0,67.2,0.000,0,0
50583.339,0,0,67.2,0.000,0,0
50635.077,0,0,66.3,0.000,0,0
50687.200,0,0,59.4,0.000,0,0
50738.930,0,0,48.2,0.000,0,0
50790.531,0,0,41.7,0.000,0,0
50841.767,0,0,27.4,0.000,0,0
50893.039,0,0,46.4,0.000,0,0
50943.987,0,0,10.1,0.000,0,0
50995.310,0,0,12.5,0.000,0,0
51046.404,0,0,5.2,0.000,0,0
51097.343,0,0,2.6,0.000,0,0
51148.661,0,0,9.4,0.000,0,0
51199.556,0,0,13.4,0.000,0,0
51251.254,0,0,0.9,0.000,0,0
51302.686,0,0,0.9,0.000,0,0
51354.050,0,0,0.8,0.000,0,0
51405.351,0,0,1.1,0.000,0,0
51457.047,0,0,3.2,0.000,0,0
51508.400,0,0,0.8,0.000,0,0
51559.840,0,0,0.9,0.000,0,0
51611.295,0,0,0.9,0.000,0,0
51662.643,0,0,0.8,0.000,0,0
51714.174,0,0,0.8,0.000,0,0
51765.689,0,0,1.2,0.000,0,0
51817.057,0,0,0.8,0.000,0,0
51868.496,0,0,1.0,0.000,0,0
51920.005,0,0,1.0,0.000,0,0
51971.472,0,0,0.8,0.000,0,0
52022.896,0,0,0.8,0.000,0,0
52074.274,0,0,0.9,0.000,0,0
52125.599,0,0,0.8,0.000,0,0
52177.079,0,0,0.8,0.000,0,0
52228.521,0,0,0.8,0.000,0,0
52280.014,0,0,0.8,0.000,0,0
52331.451,0,0,0.8,0.000,0,0
52382.829,0,0,0.8,0.000,0,0
52434.224,0,0,0.8,0.000,0,0
52485.550,0,0,0.9,0.000,0,0
52537.055,0,0,0.8,0.000,0,0
52588.539,0,0,0.8,0.000,0,0
52639.865,0,0,0.8,0.000,0,0
52691.254,0,0,0.8,0.000,0,0
52742.637,0,0,1.1,0.000,0,0
52794.052,0,0,0.8,0.000,0,0
52845.381,0,0,0.9,0.000,0,0
52896.885,0,0,0.9,0.000,0,0
52948.396,0,0,0.9,0.000,0,0
52999.969,0,0,0.8,0.000,0,0
53051.323,0,0,0.8,0.000,0,0
53102.781,0,0,0.8,0.000,0,0
53154.219,0,0,1.0,0.000,0,0
53205.578,0,0,0.9,0.000,0,0
53257.006,0,0,0.9,0.000,0,0
53308.461,0,0,0.9,0.000,0,0
53359.890,0,0,0.8,0.000,0,0
53411.343,0,0,0.8,0.000,0,0
53462.839,0,0,0.8,0.000,0,0
53514.255,0,0,0.8,0.000,0,0
53565.612,0,0,0.8,0.000,0,0
53617.048,0,0,0.9,0.000,0,0
53668.455,0,0,0.9,0.000,0,0
53719.928,0,0,0.8,0.000,0,0
53771.339,0,0,0.8,0.000,0,0
53822.714,0,0,0.8,0.000,0,0
53874.119,0,0,0.9,0.000,0,0
53925.544,0,0,0.8,0.000,0,0
53976.974,0,0,0.9,0.000,0,0
54028.328,0,0,0.9,0.000,0,0
54079.788,0,0,0.8,0.000,0,0
54131.547,0,0,0.8,0.000,0,0
54183.003,0,0,0.9,0.000,0,0
54234.474,0,0,0.9,0.000,0,0
54285.868,0,0,0.8,0.000,0,0
54337.275,0,0,0.8,0.000,0,0
54388.728,0,0,0.8,0.000,0,0
54440.149,0,0,0.8,0.000,0,0
54491.554,0,0,0.9,0.000,0,0
54543.006,0,0,0.9,0.000,0,0
54594.465,0,0,0.8,0.000,0,0
54645.875,0,0,0.8,0.000,0,0
54697.287,0,0,0.8,0.000,0,0
54748.747,0,0,0.9,0.000,0,0
54800.244,0,0,0.8,0.000,0,0
54851.755,0,0,0.9,0.000,0,0
54903.245,0,0,0.9,0.000,0,0
54954.681,0,0,0.9,0.000,0,0
55006.095,0,0,0.9,0.000,0,0
55057.382,0,0,1.2,0.000,0,0
55108.860,0,0,0.9,0.000,0,0
55160.329,0,0,0.8,0.000,0,0
55211.590,0,0,0.8,0.000,0,0
55263.057,0,0,0.8,0.000,0,0
55314.528,0,0,0.8,0.000,0,0
55366.012,0,0,0.9,0.000,0,0
55417.414,0,0,0.8,0.000,0,0
55468.906,0,0,0.9,0.000,0,0
55520.371,0,0,0.8,0.000,0,0
55571.874,0,0,0.8,0.000,0,0
55623.230,0,0,0.9,0.000,0,0
55674.677,0,0,0.9,0.000,0,0
55726.209,0,0,0.8,0.000,0,0
55777.610,0,0,0.9,0.000,0,0
55828.959,0,0,0.8,0.000,0,0
55880.399,0,0,0.8,0.000,0,0
55931.782,0,0,0.8,0.000,0,0
55983.208,0,0,0.8,0.000,0,0
56034.665,0,0,0.8,0.000,0,0
56086.089,0,0,0.8,0.000,0,0
56137.375,0,0,0.8,0.000,0,0
56188.777,0,0,0.8,0.000,0,0
56240.137,0,0,0.8,0.000,0,0
56291.545,0,0,0.8,0.000,0,0
56342.972,0,0,0.8,0.000,0,0
56395.186,0,0,0.8,0.000,0,0
56446.544,0,0,0.9,0.000,0,0
56497.948,0,0,2.3,0.000,0,0
56549.290,0,0,2.6,0.000,0,0
56601.001,0,0,1.6,0.000,0,0
56652.538,0,0,1.5,0.000,0,0
56704.229,0,0,1.6,0.000,0,0
56755.706,0,0,1.7,0.000,0,0
56807.253,0,0,1.4,0.000,0,0
56858.778,0,0,1.5,0.000,0,0
56910.289,0,0,1.8,0.000,0,0
56961.823,0,0,1.7,0.000,0,0
57013.258,0,0,0.6,0.000,0,0
57064.771,0,0,1.3,0.000,0,0
57116.184,0,0,8.9,0.000,0,0
57167.725,0,0,1.5,0.000,0,0
57219.241,0,0,3.1,0.000,0,0
57270.823,0,0,0.8,0.000,0,0
57322.395,0,0,1.0,0.000,0,0
57374.018,0,0,1.5,0.000,0,0
57425.422,0,0,0.8,0.000,0,0
57476.923,0,0,1.1,0.000,0,0
57528.301,0,0,0.9,0.000,0,0
57579.709,0,0,1.0,0.000,0,0
57631.145,0,0,1.2,0.000,0,0
57682.734,0,0,1.6,0.000,0,0
57734.194,0,0,1.7,0.000,0,0
57785.571,0,0,1.1,0.000,0,0
57837.376,0,0,1.5,0.000,0,0
57888.830,0,0,1.2,0.000,0,0
57940.250,0,0,0.9,0.000,0,0
57991.731,0,0,0.9,0.000,0,0
58043.122,0,0,0.8,0.000,0,0
58094.622,0,0,1.0,0.000,0,0
58146.179,0,0,0.8,0.000,0,0
58197.562,0,0,0.8,0.000,0,0
58248.990,0,0,0.9,0.000,0,0
58300.417,0,0,1.0,0.000,0,0
58351.867,0,0,1.1,0.000,0,0
58403.337,0,0,0.8,0.000,0,0
58454.818,0,0,0.8,0.000,0,0
58506.320,0,0,0.8,0.000,0,0
58557.830,0,0,0.8,0.000,0,0
58609.440,0,0,3.8,0.000,0,0
58661.523,0,0,52.5,0.000,0,0
58713.291,0,0,61.2,0.000,0,0
58764.734,0,0,23.0,0.000,0,0
58816.185,0,0,11.6,0.000,0,0
58867.385,0,0,9.1,0.000,0,0
58918.921,0,0,4.3,0.000,0,0
58970.364,0,0,7.0,0.000,0,0
59022.020,0,0,16.5,0.000,0,0
59073.195,0,0,4.6,0.000,0,0
59124.541,0,0,1.5,0.000,0,0
59175.684,0,0,3.2,0.000,0,0
59227.007,0,0,1.1,0.000,0,0
59278.600,0,0,0.8,0.000,0,0
59329.968,0,0,15.5,0.000,0,0
59382.036,0,0,72.8,0.000,0,0
59433.619,0,0,69.9,0.000,0,0
59485.763,0,0,64.9,0.000,0,0
59537.890,0,0,75.1,0.000,0,0
59589.539,0,0,65.0,0.000,0,0
59642.421,0,0,79.7,0.000,0,0
59694.541,0,0,65.4,0.000,0,0
59748.336,0,0,62.0,0.000,0,0
59800.486,0,0,71.3,0.000,0,0
59852.453,0,0,68.5,0.000,0,0
59903.957,0,0,74.0,0.000,0,0
59956.173,0,0,71.3,0.000,0,0
60008.769,0,0,64.0,0.000,0,0
60061.749,0,0,71.0,0.000,0,0
60114.720,0,0,64.9,0.000,0,0
60166.601,0,0,63.3,0.000,0,0
60218.428,0,0,64.5,0.000,0,0
60270.482,0,0,61.7,0.000,0,0
60322.077,0,0,47.2,0.000,0,0
60373.302,0,0,38.4,0.000,0,0
60424.509,0,0,26.7,0.000,0,0
60476.245,0,0,37.0,0.000,0,0
60526.976,0,0,20.0,0.000,0,0
60578.076,0,0,5.8,0.000,0,0
60629.356,0,0,8.4,0.000,0,0
60680.820,0,0,2.1,0.000,0,0
60732.243,0,0,1.2,0.000,0,0
60783.915,0,0,0.9,0.000,0,0
60835.260,0,0,1.1,0.000,0,0
60886.790,0,0,1.6,0.000,0,0
60938.357,0,0,0.8,0.000,0,0
60989.786,0,0,1.1,0.000,0,0
61041.243,0,0,0.8,0.000,0,0
61092.664,0,0,0.9,0.000,0,0
61144.151,0,0,0.9,0.000,0,0
61195.682,0,0,0.8,0.000,0,0
61247.213,0,0,0.8,0.000,0,0
61298.696,0,0,0.8,0.000,0,0
61350.226,0,0,0.8,0.000,0,0
61401.669,0,0,1.1,0.000,0,0
61453.172,0,0,0.8,0.000,0,0
61504.862,0,0,0.9,0.000,0,0
61556.897,0,0,0.8,0.000,0,0
61608.389,0,0,0.8,0.000,0,0
61659.772,0,0,0.8,0.000,0,0
61711.241,0,0,0.8,0.000,0,0
61762.753,0,0,0.8,0.000,0,0
61814.269,0,0,0.8,0.000,0,0
61865.804,0,0,1.1,0.000,0,0
61917.322,0,0,0.6,0.000,0,0
61968.822,0,0,0.9,0.000,0,0
62020.251,0,0,0.8,0.000,0,0
62071.749,0,0,0.8,0.000,0,0
62123.213,0,0,0.8,0.000,0,0
62174.634,0,0,0.9,0.000,0,0
62226.143,0,0,0.9,0.000,0,0
62277.599,0,0,1.1,0.000,0,0
62329.160,0,0,0.9,0.000,0,0
62380.720,0,0,0.8,0.000,0,0
62432.299,0,0,1.0,0.000,0,0
62483.837,0,0,0.9,0.000,0,0
62535.395,0,0,0.9,0.000,0,0
62586.885,0,0,0.8,0.000,0,0
62638.404,0,0,0.8,0.000,0,0
62689.900,0,0,0.8,0.000,0,0
62741.364,0,0,0.8,0.000,0,0
62792.894,0,0,0.9,0.000,0,0
62844.361,0,0,0.9,0.000,0,0
62895.895,0,0,1.0,0.000,0,0
62947.393,0,0,0.8,0.000,0,0
62998.841,0,0,0.8,0.000,0,0
63050.293,0,0,0.8,0.000,0,0
63101.604,0,0,1.1,0.000,0,0
63153.058,0,0,0.9,0.000,0,0
63204.619,0,0,0.8,0.000,0,0
63256.039,0,0,0.8,0.000,0,0
63307.511,0,0,0.9,0.000,0,0
63359.052,0,0,0.9,0.000,0,0
63410.558,0,0,0.9,0.000,0,0
63462.075,0,0,1.0,0.000,0,0
63513.504,0,0,0.8,0.000,0,0
63565.054,0,0,0.9,0.000,0,0
63616.599,0,0,0.8,0.000,0,0
63668.040,0,0,0.8,0.000,0,0
63719.582,0,0,0.8,0.000,0,0
63771.111,0,0,0.8,0.000,0,0
63822.668,0,0,0.8,0.000,0,0
63874.061,0,0,0.9,0.000,0,0
63925.490,0,0,0.9,0.000,0,0
63977.026,0,0,0.9,0.000,0,0
64028.566,0,0,0.9,0.000,0,0
64080.087,0,0,1.0,0.000,0,0
64131.577,0,0,1.0,0.000,0,0
64183.077,0,0,0.8,0.000,0,0
64234.179,0,0,1.9,0.000,0,0
64285.682,0,0,1.1,0.000,0,0
64337.114,0,0,0.8,0.000,0,0
64388.633,0,0,1.4,0.000,0,0
64440.128,0,0,0.8,0.000,0,0
64491.566,0,0,0.9,0.000,0,0
64543.110,0,0,0.8,0.000,0,0
64594.626,0,0,0.8,0.000,0,0
64646.152,0,0,1.1,0.000,0,0
64697.563,0,0,0.9,0.000,0,0
64749.064,0,0,0.9,0.000,0,0
64800.535,0,0,0.8,0.000,0,0
64852.047,0,0,0.9,0.000,0,0
64903.589,0,0,0.8,0.000,0,0
64955.160,0,0,0.9,0.000,0,0
65006.704,0,0,0.9,0.000,0,0
65058.308,0,0,1.1,0.000,0,0
65109.742,0,0,1.1,0.000,0,0
65161.216,0,0,0.8,0.000,0,0
65212.663,0,0,0.9,0.000,0,0
65264.180,0,0,6.4,0.000,0,0
65315.962,0,0,2.8,0.000,0,0
65367.607,0,0,0.9,0.000,0,0
65419.132,0,0,0.9,0.000,0,0
65470.632,0,0,0.8,0.000,0,0
65522.210,0,0,0.9,0.000,0,0
65573.641,0,0,0.9,0.000,0,0
65625.129,0,0,0.8,0.000,0,0
65676.640,0,0,0.9,0.000,0,0
65728.359,0,0,20.7,0.000,0,0
65780.457,0,0,32.1,0.000,0,0
65832.417,0,0,74.7,0.000,0,0
65884.803,0,0,75.0,0.000,0,0
65936.876,0,0,64.3,0.000,0,0
65988.862,0,0,70.2,0.000,0,0
66040.491,0,0,72.9,0.000,0,0
66092.786,0,0,74.9,0.000,0,0
66144.978,0,0,56.9,0.000,0,0
66196.763,0,0,72.2,0.000,0,0
66248.388,0,0,72.1,0.000,0,0
66299.787,0,0,76.3,0.000,0,0
66351.895,0,0,73.4,0.000,0,0
66404.048,0,0,65.8,0.000,0,0
66457.194,0,0,69.7,0.000,0,0
66509.001,0,0,67.1,0.000,0,0
66560.611,0,0,65.0,0.000,0,0
66612.385,0,0,68.9,0.000,0,0
66664.232,0,0,52.7,0.000,0,0
66715.658,0,0,45.4,0.000,0,0
66766.992,0,0,49.1,0.000,0,0
66818.177,0,0,22.5,0.000,0,0
66869.311,0,0,13.2,0.000,0,0
66920.467,0,0,20.1,0.000,0,0
66971.502,0,0,7.0,0.000,0,0
67022.748,0,0,21.7,0.000,0,0
67073.778,0,0,11.7,0.000,0,0
67124.943,0,0,3.7,0.000,0,0
67176.686,0,0,3.3,0.000,0,0
67228.161,0,0,4.3,0.000,0,0
67279.783,0,0,1.8,0.000,0,0
67331.297,0,0,1.9,0.000,0,0
67382.718,0,0,1.4,0.000,0,0
67434.252,0,0,1.5,0.000,0,0
67485.831,0,0,0.9,0.000,0,0
67537.348,0,0,0.8,0.000,0,0
67588.827,0,0,0.9,0.000,0,0
67640.343,0,0,0.8,0.000,0,0
67691.761,0,0,0.9,0.000,0,0
67743.321,0,0,0.9,0.000,0,0
67794.824,0,0,0.8,0.000,0,0
67846.301,0,0,0.9,0.000,0,0
67897.778,0,0,1.2,0.000,0,0
67949.232,0,0,0.8,0.000,0,0
68000.766,0,0,0.9,0.000,0,0
68052.297,0,0,0.9,0.000,0,0
68103.746,0,0,0.9,0.000,0,0
68155.276,0,0,0.8,0.000,0,0
68206.792,0,0,0.8,0.000,0,0
68258.366,0,0,0.8,0.000,0,0
68309.846,0,0,1.1,0.000,0,0
68361.332,0,0,0.6,0.000,0,0
68412.890,0,0,0.9,0.000,0,0
68464.363,0,0,0.9,0.000,0,0
68515.787,0,0,0.8,0.000,0,0
68567.222,0,0,0.9,0.000,0,0
68618.704,0,0,0.9,0.000,0,0
68670.257,0,0,1.0,0.000,0,0
68721.720,0,0,0.8,0.000,0,0
68773.202,0,0,0.8,0.000,0,0
68824.720,0,0,0.9,0.000,0,0
68876.262,0,0,0.8,0.000,0,0
68927.745,0,0,0.8,0.000,0,0
68979.282,0,0,0.8,0.000,0,0
69030.791,0,0,0.8,0.000,0,0
69082.683,0,0,0.8,0.000,0,0
69134.153,0,0,0.8,0.000,0,0
69185.609,0,0,0.8,0.000,0,0
69237.058,0,0,0.8,0.000,0,0
69288.548,0,0,1.1,0.000,0,0
69340.079,0,0,1.2,0.000,0,0
69391.574,0,0,1.0,0.000,0,0
69443.035,0,0,1.0,0.000,0,0
69494.487,0,0,1.1,0.000,0,0
69545.975,0,0,1.0,0.000,0,0
69597.433,0,0,0.8,0.000,0,0
69648.960,0,0,0.8,0.000,0,0
69700.497,0,0,0.9,0.000,0,0
69751.988,0,0,0.9,0.000,0,0
69803.541,0,0,0.8,0.000,0,0
69855.011,0,0,0.8,0.000,0,0
69906.522,0,0,1.1,0.000,0,0
69958.061,0,0,0.9,0.000,0,0
70009.608,0,0,0.9,0.000,0,0
70061.114,0,0,0.9,0.000,0,0
70112.656,0,0,1.0,0.000,0,0
70164.167,0,0,1.0,0.000,0,0
70215.640,0,0,0.9,0.000,0,0
70267.061,0,0,0.9,0.000,0,0
70318.519,0,0,0.9,0.000,0,0
70370.076,0,0,0.8,0.000,0,0
70421.398,0,0,0.9,0.000,0,0
70472.916,0,0,0.8,0.000,0,0
70524.455,0,0,0.9,0.000,0,0
70575.988,0,0,0.9,0.000,0,0
70627.493,0,0,0.8,0.000,0,0
70679.003,0,0,0.8,0.000,0,0
70730.525,0,0,0.8,0.000,0,0
70782.060,0,0,1.0,0.000,0,0
70833.455,0,0,0.9,0.000,0,0
70884.975,0,0,1.0,0.000,0,0
70936.512,0,0,1.0,0.000,0,0
70987.921,0,0,0.8,0.000,0,0
71039.472,0,0,0.8,0.000,0,0
71090.965,0,0,0.9,0.000,0,0
71142.513,0,0,1.0,0.000,0,0
71194.026,0,0,0.9,0.000,0,0
71245.499,0,0,0.8,0.000,0,0
71297.171,0,0,0.9,0.000,0,0
71348.707,0,0,0.9,0.000,0,0
71400.231,0,0,0.8,0.000,0,0
71451.721,0,0,0.8,0.000,0,0
71503.243,0,0,0.8,0.000,0,0
71554.661,0,0,0.9,0.000,0,0
71606.141,0,0,0.9,0.000,0,0
71657.664,0,0,1.1,0.000,0,0
71709.127,0,0,1.0,0.000,0,0
71760.641,0,0,0.8,0.000,0,0
71812.186,0,0,0.8,0.000,0,0
71863.636,0,0,0.9,0.000,0,0
71915.065,0,0,0.9,0.000,0,0
71966.538,0,0,0.9,0.000,0,0
72017.982,0,0,0.8,0.000,0,0
72069.415,0,0,0.9,0.000,0,0
72120.919,0,0,0.9,0.000,0,0
72172.501,0,0,0.9,0.000,0,0
72223.890,0,0,0.9,0.000,0,0
72275.403,0,0,0.8,0.000,0,0
72326.849,0,0,0.9,0.000,0,0
72378.362,0,0,7.1,0.000,0,0
72429.943,0,0,4.0,0.000,0,0
72481.339,0,0,0.9,0.000,0,0
72532.940,0,0,2.9,0.000,0,0
72584.519,0,0,1.7,0.000,0,0
72635.954,0,0,1.7,0.000,0,0
72687.492,0,0,1.6,0.000,0,0
72738.952,0,0,1.6,0.000,0,0
72790.418,0,0,1.6,0.000,0,0
72842.483,0,0,1.1,0.000,0,0
72893.984,0,0,1.2,0.000,0,0
72945.408,0,0,0.9,0.000,0,0
72996.863,0,0,1.1,0.000,0,0
73048.434,0,0,1.2,0.000,0,0
73099.949,0,0,0.9,0.000,0,0
73151.381,0,0,1.1,0.000,0,0
73202.801,0,0,1.4,0.000,0,0
73254.299,0,0,1.1,0.000,0,0
73305.796,0,0,1.2,0.000,0,0
73357.225,0,0,1.1,0.000,0,0
73408.776,0,0,1.1,0.000,0,0
73460.346,0,0,1.1,0.000,0,0
73511.756,0,0,1.2,0.000,0,0
73563.369,0,0,0.9,0.000,0,0
73614.860,0,0,0.8,0.000,0,0
73666.339,0,0,0.9,0.000,0,0
73717.819,0,0,1.2,0.000,0,0
73769.257,0,0,1.1,0.000,0,0
73820.665,0,0,1.0,0.000,0,0
73872.372,0,0,0.8,0.000,0,0
73923.856,0,0,0.8,0.000,0,0
73975.384,0,0,0.8,0.000,0,0
74026.961,0,0,0.8,0.000,0,0
74078.512,0,0,0.8,0.000,0,0
74130.193,0,0,0.8,0.000,0,0
74181.620,0,0,1.1,0.000,0,0
74233.117,0,0,1.0,0.000,0,0
74284.532,0,0,0.9,0.000,0,0
74336.057,0,0,0.8,0.000,0,0
74387.584,0,0,0.4,0.000,0,0
74438.874,0,0,0.0,0.000,0,0
74490.389,0,0,0.1,0.000,0,0
74541.916,0,0,0.0,0.000,0,0
74593.455,0,0,0.2,0.000,0,0
74644.865,0,0,0.0,0.000,0,0
74696.554,0,0,0.1,0.000,0,0
74747.986,0,0,0.1,0.000,0,0
74799.600,0,0,0.1,0.000,0,0
74851.070,0,0,0.2,0.000,0,0
74902.574,0,0,0.2,0.000,0,0
74954.104,0,0,0.2,0.000,0,0
75005.713,0,0,0.3,0.000,0,0
75057.235,0,0,0.3,0.000,0,0
75108.705,0,0,0.2,0.000,0,0
75160.394,0,0,0.0,0.000,0,0
75211.998,0,0,0.0,0.000,0,0
75263.703,0,0,0.0,0.000,0,0
75315.213,0,0,0.1,0.000,0,0
75366.896,0,0,0.2,0.000,0,0
75418.530,0,0,0.1,0.000,0,0
75470.020,0,0,0.1,0.000,0,0
75521.617,0,0,0.2,0.000,0,0
75573.031,0,0,0.1,0.000,0,0
75624.572,0,0,0.0,0.000,0,0
75676.083,0,0,0.0,0.000,0,0
75727.532,0,0,0.0,0.000,0,0
75779.205,0,0,0.1,0.000,0,0
75830.882,0,0,0.0,0.000,0,0
75882.548,0,0,0.1,0.000,0,0
75934.208,0,0,0.2,0.000,0,0
75985.856,0,0,0.2,0.000,0,0
76037.444,0,0,0.0,0.000,0,0
76089.126,0,0,0.2,0.000,0,0
76140.818,0,0,0.1,0.000,0,0
76192.535,0,0,0.0,0.000,0,0
76244.159,0,0,0.0,0.000,0,0
76295.596,0,0,0.0,0.000,0,0
76347.092,0,0,0.2,0.000,0,0
76398.820,0,0,0.3,0.000,0,0
76450.399,0,0,0.3,0.000,0,0
76501.930,0,0,2.3,0.000,0,0
76553.389,0,0,4.7,0.000,0,0
76605.083,0,0,3.2,0.000,0,0
76656.474,0,0,4.9,0.000,0,0
76707.931,0,0,20.5,0.000,0,0
76767.648,0,0,32.4,0.000,0,0
76825.284,0,0,98.0,0.000,0,0
76880.986,0,0,97.6,0.000,0,0
76934.533,0,0,95.3,0.000,0,0
76986.626,0,0,96.5,0.000,0,0
77040.695,0,0,96.3,0.000,0,0
77092.221,0,0,74.7,0.000,0,0
77143.904,0,0,12.2,0.000,0,0
77195.095,0,0,10.0,0.000,0,0
77246.313,0,0,24.6,0.000,0,0
77297.519,0,0,8.9,0.000,0,0
77348.964,0,0,7.3,0.000,0,0
77400.170,0,0,14.9,0.000,0,0
77451.894,0,0,17.4,0.000,0,0
77503.479,0,0,32.6,0.000,0,0
77555.035,0,0,57.0,0.000,0,0
77606.700,0,0,38.7,0.000,0,0
77658.213,0,0,29.5,0.000,0,0
77709.551,0,0,4.6,0.000,0,0
77760.658,0,0,2.6,0.000,0,0
77812.213,0,0,17.7,0.000,0,0
77863.827,0,0,9.7,0.000,0,0
77915.177,0,0,14.1,0.000,0,0
77966.527,0,0,24.0,0.000,0,0
78017.878,0,0,6.0,0.000,0,0
78068.981,0,0,2.5,0.000,0,0
78120.388,0,0,8.2,0.000,0,0
78171.586,0,0,23.7,0.000,0,0
78223.211,0,0,19.1,0.000,0,0
78274.613,0,0,24.5,0.000,0,0
78326.096,0,0,24.5,0.000,0,0
78377.605,0,0,27.1,0.000,0,0
78428.790,0,0,21.6,0.000,0,0
78479.944,0,0,24.1,0.000,0,0
78531.171,0,0,23.2,0.000,0,0
78582.153,0,0,23.6,0.000,0,0
78633.752,0,0,23.9,0.000,0,0
78685.223,0,0,23.3,0.000,0,0
78736.828,0,0,24.3,0.000,0,0
78788.092,0,0,22.7,0.000,0,0
78839.056,0,0,23.1,0.000,0,0
78890.290,0,0,22.8,0.000,0,0
78941.665,0,0,21.7,0.000,0,0
78993.238,0,0,10.1,0.000,0,0
79045.284,0,0,2.0,0.000,0,0
79096.807,0,0,8.8,0.000,0,0
79148.674,0,0,70.0,0.000,0,0
79200.230,0,0,34.1,0.000,0,0
79252.554,0,0,12.4,0.000,0,0
79304.302,0,0,30.4,0.000,0,0
79355.735,0,0,25.4,0.000,0,0
79406.899,0,0,26.4,0.000,0,0
79458.268,0,0,4.8,0.000,0,0
79509.642,0,0,8.2,0.000,0,0
79560.618,0,0,4.2,0.000,0,0
79611.662,0,0,3.4,0.000,0,0
79662.810,0,0,11.3,0.000,0,0
79714.537,0,0,7.1,0.000,0,0
79765.990,0,0,8.2,0.000,0,0
79817.926,0,0,8.0,0.000,0,0
79869.597,0,0,4.1,0.000,0,0
79921.072,0,0,12.3,0.000,0,0
79972.530,0,0,14.4,0.000,0,0
80023.971,0,0,14.3,0.000,0,0
80075.433,0,0,14.6,0.000,0,0
80127.074,0,0,11.1,0.000,0,0
80178.806,0,0,17.4,0.000,0,0
80230.627,0,0,11.3,0.000,0,0
80282.274,0,0,1.5,0.000,0,0
80333.802,0,0,1.1,0.000,0,0
80385.537,0,0,1.1,0.000,0,0
80436.948,0,0,0.9,0.000,0,0
80488.470,0,0,1.5,0.000,0,0
80539.717,0,0,4.4,0.000,0,0
80591.193,0,0,6.1,0.000,0,0
80642.502,0,0,14.9,0.000,0,0
80694.793,0,0,43.0,0.000,0,0
80746.347,0,0,69.0,0.000,0,0
80797.370,0,0,9.6,0.000,0,0
80848.686,0,0,19.1,0.000,0,0
80899.634,0,0,6.6,0.000,0,0
80950.545,0,0,3.7,0.000,0,0
81002.031,0,0,9.9,0.000,0,0
81053.622,0,0,9.5,0.000,0,0
81104.925,0,0,59.9,0.000,0,0
81156.559,0,0,36.9,0.000,0,0
81208.178,0,0,20.8,0.000,0,0
81259.503,0,0,16.5,0.000,0,0
81310.849,0,0,6.6,0.000,0,0
81361.863,0,0,3.1,0.000,0,0
81412.826,0,0,2.9,0.000,0,0
81463.783,0,0,3.7,0.000,0,0
81515.586,0,0,22.5,0.000,0,0
81567.154,0,0,26.9,0.000,0,0
81618.639,0,0,23.7,0.000,0,0
81670.141,0,0,24.1,0.000,0,0
81721.722,0,0,24.5,0.000,0,0
81773.417,0,0,5.8,0.000,0,0
81824.945,0,0,4.4,0.000,0,0
81875.990,0,0,20.9,0.000,0,0
81928.469,0,0,58.5,0.000,0,0
81979.788,0,0,40.8,0.000,0,0
82030.964,0,0,3.7,0.000,0,0
82082.237,0,0,18.0,0.000,0,0
82133.092,0,0,2.9,0.000,0,0
82183.942,0,0,6.0,0.000,0,0
82235.041,0,0,3.4,0.000,0,0
82286.468,0,0,6.9,0.000,0,0
82337.738,0,0,6.7,0.000,0,0
82389.103,0,0,4.5,0.000,0,0
82440.185,0,0,9.0,0.000,0,0
82491.160,0,0,14.7,0.000,0,0
82542.247,0,0,14.4,0.000,0,0
82593.718,0,0,18.5,0.000,0,0
82644.928,0,0,4.8,0.000,0,0
82696.360,0,0,1.7,0.000,0,0
82747.687,0,0,9.2,0.000,0,0
82798.698,0,0,1.1,0.000,0,0
82850.160,0,0,1.1,0.000,0,0
82901.395,0,0,0.9,0.000,0,0
82952.792,0,0,0.7,0.000,0,0
83004.092,0,0,0.1,0.000,0,0
83055.327,0,0,0.0,0.000,0,0
83106.665,0,0,0.2,0.000,0,0
83158.080,0,0,0.2,0.000,0,0
83209.538,0,0,0.2,0.000,0,0
83260.927,0,0,0.2,0.000,0,0
83312.313,0,0,0.2,0.000,0,0
83363.843,0,0,0.2,0.000,0,0
83415.138,0,0,0.2,0.000,0,0
83466.396,0,0,0.1,0.000,0,0
83517.689,0,0,0.3,0.000,0,0
83569.164,0,0,0.0,0.000,0,0
83620.536,0,0,0.1,0.000,0,0
83671.927,0,0,0.1,0.000,0,0
83723.469,0,0,0.1,0.000,0,0
83774.940,0,0,0.1,0.000,0,0
83826.211,0,0,0.0,0.000,0,0
83877.702,0,0,0.0,0.000,0,0
83929.185,0,0,0.0,0.000,0,0
83980.499,0,0,0.0,0.000,0,0
84031.842,0,0,0.3,0.000,0,0
84083.127,0,0,0.3,0.000,0,0
84134.898,0,0,0.2,0.000,0,0
84186.419,0,0,0.0,0.000,0,0
84237.795,0,0,0.1,0.000,0,0
84289.123,0,0,0.0,0.000,0,0
84340.394,0,0,0.1,0.000,0,0
84391.895,0,0,0.1,0.000,0,0
84443.197,0,0,0.1,0.000,0,0
84494.610,0,0,0.1,0.000,0,0
84545.966,0,0,0.2,0.000,0,0
84597.227,0,0,0.0,0.000,0,0
84648.603,0,0,0.1,0.000,0,0
84699.940,0,0,0.2,0.000,0,0
84751.252,0,0,0.2,0.000,0,0
84802.518,0,0,0.2,0.000,0,0
84853.903,0,0,0.0,0.000,0,0
84905.087,0,0,0.5,0.000,0,0
84956.525,0,0,19.3,0.000,0,0
85008.246,0,0,55.8,0.000,0,0
85059.877,0,0,81.1,0.000,0,0
85111.259,0,0,35.3,0.000,0,0
85162.568,0,0,12.6,0.000,0,0
85213.727,0,0,10.7,0.000,0,0
85264.879,0,0,24.7,0.000,0,0
85315.816,0,0,5.1,0.000,0,0
85366.827,0,0,7.9,0.000,0,0
85418.121,0,0,7.2,0.000,0,0
85469.398,0,0,15.2,0.000,0,0
85520.895,0,0,26.6,0.000,0,0
85572.410,0,0,40.4,0.000,0,0
85624.728,0,0,71.7,0.000,0,0
85677.791,0,0,59.3,0.000,0,0
85729.461,0,0,83.0,0.000,0,0
85780.839,0,0,43.6,0.000,0,0
85832.555,0,0,46.3,0.000,0,0
85884.012,0,0,40.2,0.000,0,0
85935.292,0,0,15.2,0.000,0,0
85986.595,0,0,32.7,0.000,0,0
86038.059,0,0,12.9,0.000,0,0
86089.356,0,0,21.8,0.000,0,0
86140.888,0,0,11.7,0.000,0,0
86192.194,0,0,10.4,0.000,0,0
86243.639,0,0,13.9,0.000,0,0
86295.094,0,0,29.0,0.000,0,0
86346.582,0,0,44.8,0.000,0,0
86398.376,0,0,51.6,0.000,0,0
86449.692,0,0,38.5,0.000,0,0
86501.194,0,0,21.3,0.000,0,0
86552.280,0,0,7.8,0.000,0,0
86603.344,0,0,23.7,0.000,0,0
86654.575,0,0,21.6,0.000,0,0
86708.084,0,0,22.6,0.000,0,0
86759.577,0,0,21.8,0.000,0,0
86810.848,0,0,24.4,0.000,0,0
86862.268,0,0,23.8,0.000,0,0
86913.624,0,0,25.7,0.000,0,0
86964.977,0,0,24.0,0.000,0,0
87020.133,0,0,27.0,0.000,0,0
87071.763,0,0,49.1,0.000,0,0
87123.484,0,0,23.4,0.000,0,0
87175.189,0,0,29.3,0.000,0,0
87226.962,0,0,24.2,0.000,0,0
87278.486,0,0,25.3,0.000,0,0
87330.079,0,0,29.1,0.000,0,0
87381.642,0,0,26.2,0.000,0,0
87433.262,0,0,27.0,0.000,0,0
87484.808,0,0,33.5,0.000,0,0
87536.507,0,0,44.3,0.000,0,0
87588.060,0,0,27.0,0.000,0,0
87639.837,0,0,32.1,0.000,0,0
87691.535,0,0,26.6,0.000,0,0
87742.984,0,0,28.0,0.000,0,0
87794.585,0,0,30.5,0.000,0,0
87846.242,0,0,44.6,0.000,0,0
87898.865,0,0,31.3,0.000,0,0
87950.536,0,0,32.6,0.000,0,0
88002.054,0,0,35.1,0.000,0,0
88053.627,0,0,30.0,0.000,0,0
88105.405,0,0,31.8,0.000,0,0
88157.156,0,0,41.8,0.000,0,0
88208.789,0,0,57.0,0.000,0,0
88261.597,0,0,36.1,0.000,0,0
88313.142,0,0,35.4,0.000,0,0
88364.016,0,0,9.5,0.000,0,0
88415.261,0,0,17.8,0.000,0,0
88466.799,0,0,27.6,0.000,0,0
88518.303,0,0,59.8,0.000,0,0
88569.663,0,0,29.1,0.000,0,0
88621.050,0,0,43.9,0.000,0,0
88673.733,0,0,60.2,0.000,0,0
88725.135,0,0,43.5,0.000,0,0
88776.495,0,0,24.2,0.000,0,0
88827.848,0,0,21.2,0.000,0,0
88878.719,0,0,16.8,0.000,0,0
88930.307,0,0,24.1,0.000,0,0
88982.172,0,0,62.8,0.000,0,0
89033.585,0,0,25.5,0.000,0,0
89085.346,0,0,25.0,0.000,0,0
89136.460,0,0,19.2,0.000,0,0
89187.529,0,0,15.7,0.000,0,0
89242.481,0,0,38.0,0.000,0,0
89294.096,0,0,80.3,0.000,0,0
89345.249,0,0,34.9,0.000,0,0
89396.509,0,0,33.6,0.000,0,0
89447.431,0,0,9.1,0.000,0,0
89498.748,0,0,14.7,0.000,0,0
89553.012,0,0,53.4,0.000,0,0
89604.489,0,0,80.5,0.000,0,0
89656.176,0,0,21.6,0.000,0,0
89707.848,0,0,30.6,0.000,0,0
89759.557,0,0,71.0,0.000,0,0
89811.306,0,0,49.4,0.000,0,0
89862.779,0,0,52.6,0.000,0,0
89915.459,0,0,59.9,0.000,0,0
89967.461,0,0,49.0,0.000,0,0
90019.855,0,0,50.5,0.000,0,0
90072.261,0,0,53.6,0.000,0,0
90124.540,0,0,53.1,0.000,0,0
90176.148,0,0,49.8,0.000,0,0
90228.376,0,0,59.6,0.000,0,0
90281.103,0,0,72.6,0.000,0,0
90334.321,0,0,73.2,0.000,0,0
90387.001,0,0,37.9,0.000,0,0
90439.244,0,0,55.9,0.000,0,0
90490.678,0,0,59.2,0.000,0,0
90542.677,0,0,65.2,0.000,0,0
90594.580,0,0,68.0,0.000,0,0
90646.495,0,0,50.8,0.000,0,0
90698.238,0,0,50.6,0.000,0,0
90750.072,0,0,64.9,0.000,0,0
90801.964,0,0,58.7,0.000,0,0
90853.643,0,0,68.6,0.000,0,0
90905.268,0,0,61.4,0.000,0,0
90957.781,0,0,59.4,0.000,0,0
91009.835,0,0,64.0,0.000,0,0
91061.344,0,0,48.4,0.000,0,0
91112.942,0,0,61.9,0.000,0,0
91164.606,0,0,60.8,0.000,0,0
91216.370,0,0,60.4,0.000,0,0
91268.787,0,0,65.2,0.000,0,0
91321.441,0,0,64.9,0.000,0,0
91373.353,0,0,60.7,0.000,0,0
91425.102,0,0,54.3,0.000,0,0
91477.177,0,0,50.6,0.000,0,0
91529.163,0,0,56.1,0.000,0,0
91581.598,0,0,64.1,0.000,0,0
91633.066,0,0,68.5,0.000,0,0
91684.842,0,0,67.3,0.000,0,0
91737.095,0,0,49.5,0.000,0,0
91790.006,0,0,62.4,0.000,0,0
91842.311,0,0,72.6,0.000,0,0
91893.632,0,0,82.7,0.000,0,0
91945.513,0,0,61.1,0.000,0,0
91998.273,0,0,75.6,0.000,0,0
92053.959,0,0,81.1,0.000,0,0
92109.450,0,0,66.0,0.000,0,0
92161.328,0,0,76.4,0.000,0,0
92214.118,0,0,75.9,0.000,0,0
92267.233,0,0,79.4,0.000,0,0
92319.659,0,0,76.2,0.000,0,0
92372.133,0,0,82.2,0.000,0,0
92429.018,0,0,78.7,0.000,0,0
92481.773,0,0,82.5,0.000,0,0
92533.557,0,0,80.5,0.000,0,0
92589.966,0,0,77.0,0.000,0,0
92645.450,0,0,74.8,0.000,0,0
92703.635,0,0,85.9,0.000,0,0
92757.564,0,0,81.1,0.000,0,0
92810.101,0,0,76.3,0.000,0,0
92861.900,0,0,79.2,0.000,0,0
92914.819,0,0,76.9,0.000,0,0
92966.244,0,0,81.6,0.000,0,0
93021.340,0,0,73.3,0.000,0,0
93073.232,0,0,85.1,0.000,0,0
93125.113,0,0,78.6,0.000,0,0
93180.448,0,0,76.2,0.000,0,0
93233.003,0,0,64.8,0.000,0,0
93284.825,0,0,71.5,0.000,0,0
93342.381,0,0,75.0,0.000,0,0
93397.886,0,0,66.4,0.000,0,0
93453.230,0,0,74.3,0.000,0,0
93504.824,0,0,81.6,0.000,0,0
93558.112,0,0,69.2,0.000,0,0
93611.418,0,0,72.1,0.000,0,0
93663.737,0,0,72.9,0.000,0,0
93716.353,0,0,72.5,0.000,0,0
93768.891,0,0,67.1,0.000,0,0
93820.519,0,0,55.7,0.000,0,0
93871.779,0,0,61.9,0.000,0,0
93924.262,0,0,56.9,0.000,0,0
93976.642,0,0,37.3,0.000,0,0
94028.475,0,0,41.7,0.000,0,0
94079.947,0,0,39.6,0.000,0,0
94131.847,0,0,40.7,0.000,0,0
94183.893,0,0,64.5,0.000,0,0
94235.518,0,0,36.2,0.000,0,0
94286.939,0,0,42.2,0.000,0,0
94338.150,0,0,45.8,0.000,0,0
94389.743,0,0,34.8,0.000,0,0
94441.320,0,0,35.0,0.000,0,0
94492.794,0,0,19.6,0.000,0,0
94543.982,0,0,10.4,0.000,0,0
94595.638,0,0,29.4,0.000,0,0
94647.230,0,0,83.3,0.000,0,0
94699.481,0,0,59.0,0.000,0,0
94751.209,0,0,43.2,0.000,0,0
94802.928,0,0,40.5,0.000,0,0
94854.527,0,0,38.4,0.000,0,0
94906.182,0,0,33.1,0.000,0,0
94957.733,0,0,36.4,0.000,0,0
95009.033,0,0,21.1,0.000,0,0
95060.634,0,0,42.2,0.000,0,0
95112.200,0,0,14.3,0.000,0,0
95163.934,0,0,38.8,0.000,0,0
95215.516,0,0,38.0,0.000,0,0
95267.282,0,0,34.9,0.000,0,0
95319.011,0,0,27.0,0.000,0,0
95370.700,0,0,40.7,0.000,0,0
95422.122,0,0,32.2,0.000,0,0
95473.689,0,0,8.2,0.000,0,0
95525.266,0,0,4.9,0.000,0,0
95576.560,0,0,10.7,0.000,0,0
95628.450,0,0,26.5,0.000,0,0
95679.957,0,0,33.3,0.000,0,0
95731.892,0,0,12.3,0.000,0,0
95783.106,0,0,22.9,0.000,0,0
95834.299,0,0,6.8,0.000,0,0
95885.483,0,0,21.4,0.000,0,0
95936.896,0,0,13.5,0.000,0,0
95988.532,0,0,35.5,0.000,0,0
96040.746,0,0,67.2,0.000,0,0
96092.782,0,0,28.5,0.000,0,0
96144.379,0,0,7.5,0.000,0,0
96195.520,0,0,8.7,0.000,0,0
96246.903,0,0,15.7,0.000,0,0
96297.809,0,0,6.9,0.000,0,0
96349.858,0,0,19.2,0.000,0,0
96401.277,0,0,21.9,0.000,0,0
96454.195,0,0,64.6,0.000,0,0
96505.833,0,0,66.5,0.000,0,0
96559.428,0,0,63.1,0.000,0,0
96610.980,0,0,49.6,0.000,0,0
96662.460,0,0,20.8,0.000,0,0
96713.840,0,0,51.0,0.000,0,0
96764.760,0,0,26.6,0.000,0,0
96816.447,0,0,29.1,0.000,0,0
96868.394,0,0,33.9,0.000,0,0
96920.314,0,0,45.9,0.000,0,0
96972.122,0,0,36.4,0.000,0,0
97023.731,0,0,51.9,0.000,0,0
97076.684,0,0,68.5,0.000,0,0
97128.353,0,0,52.6,0.000,0,0
97179.908,0,0,58.6,0.000,0,0
97232.854,0,0,57.6,0.000,0,0
97285.888,0,0,65.5,0.000,0,0
97338.189,0,0,71.8,0.000,0,0
97391.590,0,0,75.0,0.000,0,0
97443.864,0,0,50.6,0.000,0,0
97495.558,0,0,78.1,0.000,0,0
97547.084,0,0,69.0,0.000,0,0
97598.473,0,0,83.8,0.000,0,0
97651.599,0,0,74.1,0.000,0,0
97704.829,0,0,52.8,0.000,0,0
97756.298,0,0,68.5,0.000,0,0
97807.608,0,0,67.8,0.000,0,0
97859.175,0,0,36.0,0.000,0,0
97910.946,0,0,65.8,0.000,0,0
97962.568,0,0,80.3,0.000,0,0
98014.128,0,0,53.5,0.000,0,0
98065.961,0,0,80.6,0.000,0,0
98117.677,0,0,72.7,0.000,0,0
98169.257,0,0,72.4,0.000,0,0
98221.453,0,0,66.9,0.000,0,0
98272.987,0,0,19.6,0.000,0,0
98325.062,0,0,50.8,0.000,0,0
98378.027,0,0,56.5,0.000,0,0
98430.385,0,0,60.0,0.000,0,0
98482.692,0,0,73.7,0.000,0,0
98534.513,0,0,79.3,0.000,0,0
98587.015,0,0,73.8,0.000,0,0
98638.849,0,0,74.5,0.000,0,0
98691.084,0,0,63.0,0.000,0,0
98743.635,0,0,73.7,0.000,0,0
98795.784,0,0,73.7,0.000,0,0
98847.586,0,0,59.1,0.000,0,0
98898.851,0,0,67.4,0.000,0,0
98951.149,0,0,64.9,0.000,0,0
99002.610,0,0,64.3,0.000,0,0
99054.476,0,0,56.9,0.000,0,0
99106.843,0,0,55.6,0.000,0,0
99158.518,0,0,58.0,0.000,0,0
99210.095,0,0,50.3,0.000,0,0
99261.646,0,0,36.8,0.000,0,0
99313.502,0,0,40.9,0.000,0,0
99364.739,0,0,33.7,0.000,0,0
99415.981,0,0,42.0,0.000,0,0
99467.037,0,0,20.8,0.000,0,0
99518.051,0,0,19.3,0.000,0,0
99569.371,0,0,9.9,0.000,0,0
99620.709,0,0,29.7,0.000,0,0
99672.200,0,0,9.6,0.000,0,0
99723.647,0,0,12.8,0.000,0,0
99775.622,0,0,5.0,0.000,0,0
99827.040,0,0,5.6,0.000,0,0
99878.438,0,0,4.7,0.000,0,0
99929.808,0,0,5.3,0.000,0,0
99981.158,0,0,4.6,0.000,0,0
100032.612,0,0,5.0,0.000,0,0
100083.984,0,0,4.5,0.000,0,0
100135.406,0,0,4.2,0.000,0,0
100186.763,0,0,4.5,0.000,0,0
100238.060,0,0,5.0,0.000,0,0
100289.403,0,0,3.8,0.000,0,0
100340.815,0,0,4.7,0.000,0,0
100392.137,0,0,4.0,0.000,0,0
100443.532,0,0,4.4,0.000,0,0
100495.019,0,0,4.3,0.000,0,0
100546.419,0,0,3.5,0.000,0,0
100597.783,0,0,3.9,0.000,0,0
100649.140,0,0,3.2,0.000,0,0
100700.566,0,0,3.6,0.000,0,0
100752.007,0,0,3.6,0.000,0,0
100803.384,0,0,3.2,0.000,0,0
100854.740,0,0,3.2,0.000,0,0
100906.271,0,0,3.7,0.000,0,0
100957.620,0,0,4.4,0.000,0,0
101008.990,0,0,5.9,0.000,0,0
101060.336,0,0,4.7,0.000,0,0
101111.685,0,0,4.0,0.000,0,0
101163.090,0,0,5.3,0.000,0,0
101214.547,0,0,4.0,0.000,0,0
101265.879,0,0,4.6,0.000,0,0
101317.104,0,0,3.8,0.000,0,0
101368.675,0,0,25.2,0.000,0,0
101420.153,0,0,3.8,0.000,0,0
101471.553,0,0,7.5,0.000,0,0
101522.982,0,0,3.5,0.000,0,0
101574.228,0,0,14.3,0.000,0,0
101628.502,0,0,72.9,0.000,0,0
101680.170,0,0,79.6,0.000,0,0
101731.959,0,0,78.4,0.000,0,0
101783.383,0,0,52.2,0.000,0,0
101834.944,0,0,46.8,0.000,0,0
101886.191,0,0,46.1,0.000,0,0
101938.617,0,0,21.9,0.000,0,0
101990.728,0,0,47.0,0.000,0,0
102041.935,0,0,37.4,0.000,0,0
102093.282,0,0,20.7,0.000,0,0
102144.676,0,0,43.1,0.000,0,0
102197.884,0,0,38.7,0.000,0,0
102249.860,0,0,53.4,0.000,0,0
102301.527,0,0,58.0,0.000,0,0
102353.698,0,0,60.3,0.000,0,0
102405.553,0,0,76.4,0.000,0,0
102459.118,0,0,73.7,0.000,0,0
102519.197,0,0,64.5,0.000,0,0
102571.038,0,0,68.1,0.000,0,0
102623.049,0,0,63.0,0.000,0,0
102674.516,0,0,78.6,0.000,0,0
102728.563,0,0,76.0,0.000,0,0
102780.290,0,0,66.3,0.000,0,0
102832.646,0,0,64.8,0.000,0,0
102884.791,0,0,62.7,0.000,0,0
102936.707,0,0,64.2,0.000,0,0
102988.328,0,0,54.2,0.000,0,0
103039.932,0,0,43.6,0.000,0,0
103091.199,0,0,34.3,0.000,0,0
103142.062,0,0,20.7,0.000,0,0
103193.063,0,0,12.2,0.000,0,0
103244.146,0,0,50.5,0.000,0,0
103295.211,0,0,4.6,0.000,0,0
103346.831,0,0,7.7,0.000,0,0
103398.298,0,0,20.3,0.000,0,0
103449.559,0,0,11.1,0.000,0,0
103500.838,0,0,3.7,0.000,0,0
103552.664,0,0,5.8,0.000,0,0
103604.150,0,0,4.2,0.000,0,0
103655.537,0,0,4.1,0.000,0,0
103706.954,0,0,4.3,0.000,0,0
103758.362,0,0,4.0,0.000,0,0
103809.748,0,0,4.1,0.000,0,0
103861.076,0,0,4.0,0.000,0,0
103912.505,0,0,4.1,0.000,0,0
103964.081,0,0,4.2,0.000,0,0
104015.386,0,0,10.2,0.000,0,0
104069.195,0,0,66.9,0.000,0,0
104121.155,0,0,77.5,0.000,0,0
104173.340,0,0,63.9,0.000,0,0
104225.462,0,0,70.9,0.000,0,0
104278.157,0,0,52.4,0.000,0,0
104329.835,0,0,69.9,0.000,0,0
104381.433,0,0,65.2,0.000,0,0
104434.037,0,0,63.1,0.000,0,0
104485.965,0,0,71.8,0.000,0,0
104537.772,0,0,62.5,0.000,0,0
104589.626,0,0,78.1,0.000,0,0
104641.870,0,0,73.8,0.000,0,0
104695.186,0,0,73.5,0.000,0,0
104746.778,0,0,70.8,0.000,0,0
104798.721,0,0,66.9,0.000,0,0
104851.231,0,0,68.1,0.000,0,0
104903.481,0,0,71.2,0.000,0,0
104955.512,0,0,69.8,0.000,0,0
105007.374,0,0,60.8,0.000,0,0
105059.195,0,0,62.8,0.000,0,0
105110.863,0,0,57.2,0.000,0,0
105162.582,0,0,49.2,0.000,0,0
105214.200,0,0,55.3,0.000,0,0
105265.655,0,0,33.1,0.000,0,0
105317.176,0,0,23.8,0.000,0,0
105368.685,0,0,15.0,0.000,0,0
105419.868,0,0,47.1,0.000,0,0
105471.125,0,0,8.1,0.000,0,0
105522.112,0,0,6.0,0.000,0,0
105573.512,0,0,3.7,0.000,0,0
105625.234,0,0,3.2,0.000,0,0
105677.023,0,0,6.0,0.000,0,0
105728.686,0,0,3.5,0.000,0,0
105780.189,0,0,3.5,0.000,0,0
105831.715,0,0,3.2,0.000,0,0
105883.300,0,0,3.2,0.000,0,0
105934.800,0,0,3.6,0.000,0,0
105986.440,0,0,3.3,0.000,0,0
106038.156,0,0,3.3,0.000,0,0
106089.934,0,0,3.2,0.000,0,0
106141.518,0,0,3.5,0.000,0,0
106193.282,0,0,6.1,0.000,0,0
106244.925,0,0,3.9,0.000,0,0
106296.652,0,0,3.4,0.000,0,0
106348.368,0,0,3.5,0.000,0,0
106399.978,0,0,3.5,0.000,0,0
106451.434,0,0,3.3,0.000,0,0
106502.819,0,0,3.2,0.000,0,0
106554.418,0,0,3.4,0.000,0,0
106605.866,0,0,3.6,0.000,0,0
106657.416,0,0,3.0,0.000,0,0
106708.900,0,0,3.3,0.000,0,0
106761.011,0,0,3.0,0.000,0,0
106812.567,0,0,3.5,0.000,0,0
106864.166,0,0,3.2,0.000,0,0
106915.748,0,0,3.2,0.000,0,0
106967.340,0,0,3.3,0.000,0,0
107018.891,0,0,3.3,0.000,0,0
107070.572,0,0,3.3,0.000,0,0
107122.174,0,0,3.3,0.000,0,0
107173.742,0,0,3.5,0.000,0,0
107225.164,0,0,3.0,0.000,0,0
107276.595,0,0,5.0,0.000,0,0
107328.533,0,0,12.0,0.000,0,0
107380.350,0,0,3.2,0.000,0,0
107432.021,0,0,3.3,0.000,0,0
107483.535,0,0,5.8,0.000,0,0
107535.470,0,0,3.2,0.000,0,0
107587.105,0,0,3.3,0.000,0,0
107638.787,0,0,3.3,0.000,0,0
107690.493,0,0,3.4,0.000,0,0
107742.123,0,0,3.4,0.000,0,0
107793.911,0,0,3.2,0.000,0,0
107845.544,0,0,3.6,0.000,0,0
107897.174,0,0,3.0,0.000,0,0
107948.858,0,0,3.3,0.000,0,0
108000.538,0,0,3.3,0.000,0,0
108052.337,0,0,3.5,0.000,0,0
108104.045,0,0,3.3,0.000,0,0
108155.725,0,0,3.3,0.000,0,0
108207.453,0,0,3.0,0.000,0,0
108259.094,0,0,3.3,0.000,0,0
108310.954,0,0,3.3,0.000,0,0
108362.733,0,0,3.5,0.000,0,0
108414.365,0,0,3.2,0.000,0,0
108466.165,0,0,3.4,0.000,0,0
108517.965,0,0,3.4,0.000,0,0
108569.578,0,0,3.6,0.000,0,0
108621.205,0,0,3.5,0.000,0,0
108673.033,0,0,3.4,0.000,0,0
108724.725,0,0,3.2,0.000,0,0
108776.455,0,0,3.2,0.000,0,0
108828.065,0,0,3.2,0.000,0,0
108879.794,0,0,3.3,0.000,0,0
108931.475,0,0,3.2,0.000,0,0
108983.177,0,0,3.1,0.000,0,0
109034.927,0,0,3.2,0.000,0,0
109086.551,0,0,3.1,0.000,0,0
109138.375,0,0,3.3,0.000,0,0
109190.091,0,0,3.2,0.000,0,0
109241.836,0,0,3.6,0.000,0,0
109293.510,0,0,3.3,0.000,0,0
109345.123,0,0,3.2,0.000,0,0
109396.859,0,0,3.4,0.000,0,0
109448.501,0,0,4.3,0.000,0,0
109500.428,0,0,3.9,0.000,0,0
109552.155,0,0,3.5,0.000,0,0
109603.867,0,0,3.3,0.000,0,0
109655.576,0,0,3.6,0.000,0,0
109707.350,0,0,3.2,0.000,0,0
109758.943,0,0,3.2,0.000,0,0
109810.781,0,0,3.3,0.000,0,0
109862.507,0,0,3.2,0.000,0,0
109914.242,0,0,8.6,0.000,0,0
109965.836,0,0,3.6,0.000,0,0
110017.332,0,0,2.7,0.000,0,0
110068.523,0,0,4.4,0.000,0,0
110119.960,0,0,4.8,0.000,0,0
110171.253,0,0,4.9,0.000,0,0
110222.718,0,0,4.4,0.000,0,0
110274.270,0,0,4.3,0.000,0,0
110325.729,0,0,5.9,0.000,0,0
110377.002,0,0,4.9,0.000,0,0
110428.422,0,0,5.2,0.000,0,0
110479.841,0,0,4.7,0.000,0,0
110531.577,0,0,4.9,0.000,0,0
110583.021,0,0,4.4,0.000,0,0
110634.580,0,0,4.6,0.000,0,0
110685.980,0,0,4.6,0.000,0,0
110737.293,0,0,3.7,0.000,0,0
110788.698,0,0,4.1,0.000,0,0
110840.129,0,0,4.5,0.000,0,0
110891.506,0,0,4.7,0.000,0,0
110942.920,0,0,4.6,0.000,0,0
110994.293,0,0,4.4,0.000,0,0
111045.535,0,0,3.7,0.000,0,0
111096.917,0,0,3.8,0.000,0,0
111148.472,0,0,3.7,0.000,0,0
111199.656,0,0,4.4,0.000,0,0
111250.923,0,0,3.7,0.000,0,0
111302.233,0,0,3.8,0.000,0,0
111353.628,0,0,6.4,0.000,0,0
111404.981,0,0,4.6,0.000,0,0
111456.518,0,0,2.7,0.000,0,0
111508.040,0,0,3.4,0.000,0,0
111559.271,0,0,3.8,0.000,0,0
111610.887,0,0,3.7,0.000,0,0
111662.714,0,0,3.8,0.000,0,0
111714.280,0,0,3.0,0.000,0,0
111765.866,0,0,2.9,0.000,0,0
111817.201,0,0,2.4,0.000,0,0
111868.519,0,0,3.1,0.000,0,0
111919.887,0,0,2.8,0.000,0,0
111971.353,0,0,2.8,0.000,0,0
112022.583,0,0,2.6,0.000,0,0
112074.241,0,0,12.6,0.000,0,0
112125.521,0,0,3.0,0.000,0,0
112176.896,0,0,9.3,0.000,0,0
112228.359,0,0,2.7,0.000,0,0
112279.790,0,0,2.8,0.000,0,0
112331.141,0,0,2.7,0.000,0,0
112382.433,0,0,2.7,0.000,0,0
112433.860,0,0,3.0,0.000,0,0
112485.107,0,0,2.7,0.000,0,0
112536.554,0,0,3.0,0.000,0,0
112588.027,0,0,3.2,0.000,0,0
112639.375,0,0,3.1,0.000,0,0
112690.763,0,0,3.1,0.000,0,0
112742.119,0,0,3.0,0.000,0,0
112793.478,0,0,2.9,0.000,0,0
112844.940,0,0,2.9,0.000,0,0
112896.308,0,0,2.8,0.000,0,0
112947.725,0,0,3.3,0.000,0,0
112999.134,0,0,3.0,0.000,0,0
113050.503,0,0,3.0,0.000,0,0
113101.939,0,0,3.3,0.000,0,0
113153.248,0,0,2.4,0.000,0,0
113204.679,0,0,2.8,0.000,0,0
113256.071,0,0,3.0,0.000,0,0
113307.476,0,0,3.0,0.000,0,0
113358.894,0,0,2.6,0.000,0,0
113410.275,0,0,2.7,0.000,0,0
113461.621,0,0,2.7,0.000,0,0
113512.927,0,0,2.7,0.000,0,0
113564.384,0,0,2.7,0.000,0,0
113615.788,0,0,2.8,0.000,0,0
113667.223,0,0,2.7,0.000,0,0
113718.655,0,0,2.7,0.000,0,0
113770.085,0,0,2.7,0.000,0,0
113821.459,0,0,2.7,0.000,0,0
113872.875,0,0,2.6,0.000,0,0
113924.367,0,0,2.1,0.000,0,0
113975.777,0,0,2.0,0.000,0,0
114027.129,0,0,2.1,0.000,0,0
114078.396,0,0,2.0,0.000,0,0
114129.746,0,0,2.0,0.000,0,0
114181.116,0,0,1.8,0.000,0,0
114232.502,0,0,2.0,0.000,0,0
114284.264,0,0,2.0,0.000,0,0
114335.582,0,0,2.0,0.000,0,0
114387.016,0,0,1.9,0.000,0,0
114438.515,0,0,1.8,0.000,0,0
114489.934,0,0,1.7,0.000,0,0
114541.245,0,0,1.7,0.000,0,0
114592.565,0,0,2.0,0.000,0,0
114644.008,0,0,1.8,0.000,0,0
114695.461,0,0,2.0,0.000,0,0
114746.858,0,0,2.1,0.000,0,0
114798.217,0,0,2.1,0.000,0,0
114849.535,0,0,1.8,0.000,0,0
114901.017,0,0,1.8,0.000,0,0
114952.327,0,0,1.8,0.000,0,0
115003.766,0,0,2.1,0.000,0,0
115055.244,0,0,2.3,0.000,0,0
115106.617,0,0,2.1,0.000,0,0
115158.000,0,0,1.7,0.000,0,0
115209.399,0,0,2.0,0.000,0,0
115260.798,0,0,2.0,0.000,0,0
115312.254,0,0,1.9,0.000,0,0
115363.505,0,0,2.1,0.000,0,0
115414.906,0,0,2.0,0.000,0,0
115466.128,0,0,2.1,0.000,0,0
115517.701,0,0,2.6,0.000,0,0
115569.100,0,0,2.1,0.000,0,0
115620.509,0,0,2.2,0.000,0,0
115671.994,0,0,1.9,0.000,0,0
115723.342,0,0,2.0,0.000,0,0
115774.716,0,0,1.9,0.000,0,0
115826.230,0,0,2.0,0.000,0,0
115877.547,0,0,1.8,0.000,0,0
115928.989,0,0,1.8,0.000,0,0
115980.399,0,0,1.8,0.000,0,0
116031.768,0,0,1.8,0.000,0,0
116083.209,0,0,1.9,0.000,0,0
116134.669,0,0,1.8,0.000,0,0
116186.007,0,0,1.9,0.000,0,0
116237.300,0,0,1.7,0.000,0,0
116288.702,0,0,1.8,0.000,0,0
116340.138,0,0,1.8,0.000,0,0
116391.509,0,0,1.8,0.000,0,0
116442.911,0,0,1.8,0.000,0,0
116494.393,0,0,1.9,0.000,0,0
116545.763,0,0,1.8,0.000,0,0
116597.122,0,0,1.8,0.000,0,0
116648.514,0,0,1.8,0.000,0,0
116699.931,0,0,1.9,0.000,0,0
116751.390,0,0,1.6,0.000,0,0
116802.623,0,0,1.1,0.000,0,0
116854.081,0,0,1.3,0.000,0,0
116905.489,0,0,1.1,0.000,0,0
116956.829,0,0,1.2,0.000,0,0
117008.229,0,0,0.9,0.000,0,0
117059.645,0,0,1.0,0.000,0,0
117111.124,0,0,1.0,0.000,0,0
117162.573,0,0,1.4,0.000,0,0
117213.968,0,0,1.1,0.000,0,0
117265.605,0,0,1.1,0.000,0,0
117317.045,0,0,1.1,0.000,0,0
117368.206,0,0,1.1,0.000,0,0
117419.503,0,0,0.9,0.000,0,0
117471.059,0,0,1.0,0.000,0,0
117522.447,0,0,0.9,0.000,0,0
117573.805,0,0,1.1,0.000,0,0
117625.008,0,0,0.8,0.000,0,0
117676.370,0,0,0.9,0.000,0,0
117727.789,0,0,1.0,0.000,0,0
117779.140,0,0,0.9,0.000,0,0
117830.409,0,0,0.8,0.000,0,0
117882.156,0,0,1.1,0.000,0,0
117933.423,0,0,0.2,0.000,0,0
117984.863,0,0,0.7,0.000,0,0
118036.643,0,0,0.3,0.000,0,0
118087.857,0,0,0.2,0.000,0,0
118139.190,0,0,0.3,0.000,0,0
118190.676,0,0,0.3,0.000,0,0
118241.980,0,0,1.4,0.000,0,0
118293.545,0,0,26.4,0.000,0,0
118345.073,0,0,15.4,0.000,0,0
118396.276,0,0,57.7,0.000,0,0
118447.588,0,0,30.4,0.000,0,0
118498.738,0,0,42.1,0.000,0,0
118550.020,0,0,48.7,0.000,0,0
118601.222,0,0,50.0,0.000,0,0
118652.615,0,0,51.1,0.000,0,0
118704.316,0,0,50.3,0.000,0,0
118755.691,0,0,50.2,0.000,0,0
118807.079,0,0,50.8,0.000,0,0
118858.309,0,0,51.1,0.000,0,0
118909.815,0,0,51.3,0.000,0,0
118961.447,0,0,50.3,0.000,0,0
119013.178,0,0,50.3,0.000,0,0
119064.577,0,0,50.5,0.000,0,0
119116.014,0,0,51.1,0.000,0,0
119167.087,0,0,51.3,0.000,0,0
119218.388,0,0,51.3,0.000,0,0
119270.181,0,0,51.6,0.000,0,0
119321.870,0,0,50.8,0.000,0,0
119373.383,0,0,50.9,0.000,0,0
119424.770,0,0,51.1,0.000,0,0
119475.957,0,0,50.7,0.000,0,0
119527.548,0,0,49.8,0.000,0,0
119578.842,0,0,38.6,0.000,0,0
119630.485,0,0,12.3,0.000,0,0
119681.516,0,0,7.5,0.000,0,0
119732.666,0,0,6.9,0.000,0,0
119784.027,0,0,5.7,0.000,0,0
119835.789,0,0,11.2,0.000,0,0
119887.115,0,0,11.2,0.000,0,0
119938.352,0,0,8.3,0.000,0,0
119989.530,0,0,7.2,0.000,0,0
120040.795,0,0,4.9,0.000,0,0
120092.071,0,0,3.7,0.000,0,0
120143.681,0,0,7.0,0.000,0,0
120195.031,0,0,1.2,0.000,0,0
120246.303,0,0,0.0,0.000,0,0
120297.746,0,0,0.0,0.000,0,0
120349.001,0,0,0.2,0.000,0,0
120400.503,0,0,0.2,0.000,0,0
120452.010,0,0,0.0,0.000,0,0
120503.516,0,0,0.2,0.000,0,0
120555.134,0,0,0.2,0.000,0,0
120606.749,0,0,0.0,0.000,0,0
120658.380,0,0,0.1,0.000,0,0
120710.102,0,0,0.1,0.000,0,0
120761.554,0,0,0.3,0.000,0,0
120813.185,0,0,0.0,0.000,0,0
120864.885,0,0,0.1,0.000,0,0
120916.551,0,0,0.1,0.000,0,0
120968.275,0,0,0.1,0.000,0,0
121019.780,0,0,0.1,0.000,0,0
121071.488,0,0,0.0,0.000,0,0
121123.155,0,0,0.0,0.000,0,0
121174.855,0,0,0.0,0.000,0,0
121226.409,0,0,0.0,0.000,0,0
121278.067,0,0,0.3,0.000,0,0
121329.639,0,0,0.3,0.000,0,0
121381.244,0,0,0.2,0.000,0,0
121432.793,0,0,0.1,0.000,0,0
121484.428,0,0,0.0,0.000,0,0
121536.056,0,0,0.0,0.000,0,0
121587.451,0,0,0.0,0.000,0,0
121639.083,0,0,0.1,0.000,0,0
121690.567,0,0,0.2,0.000,0,0
121742.181,0,0,0.1,0.000,0,0
121794.129,0,0,0.3,0.000,0,0
121845.385,0,0,0.2,0.000,0,0
121898.040,0,0,0.2,0.000,0,0
121949.681,0,0,0.5,0.000,0,0
122001.224,0,0,0.2,0.000,0,0
122052.832,0,0,0.3,0.000,0,0
122104.413,0,0,0.3,0.000,0,0
122156.032,0,0,0.3,0.000,0,0
122207.567,0,0,0.3,0.000,0,0
122259.105,0,0,0.2,0.000,0,0
122310.622,0,0,0.0,0.000,0,0
122362.145,0,0,0.1,0.000,0,0
122413.587,0,0,0.2,0.000,0,0
122465.170,0,0,0.1,0.000,0,0
122516.700,0,0,0.0,0.000,0,0
122568.416,0,0,0.1,0.000,0,0
122619.903,0,0,0.2,0.000,0,0
122671.422,0,0,0.2,0.000,0,0
122722.936,0,0,0.1,0.000,0,0
122774.457,0,0,0.0,0.000,0,0
122826.160,0,0,0.2,0.000,0,0
122877.866,0,0,0.0,0.000,0,0
122929.312,0,0,0.2,0.000,0,0
122980.887,0,0,0.2,0.000,0,0
123032.493,0,0,0.0,0.000,0,0
123083.924,0,0,0.1,0.000,0,0
123135.353,0,0,0.2,0.000,0,0
123186.998,0,0,0.2,0.000,0,0
123238.546,0,0,0.2,0.000,0,0
123290.242,0,0,0.2,0.000,0,0
123342.005,0,0,0.3,0.000,0,0
123393.622,0,0,0.0,0.000,0,0
123445.181,0,0,0.0,0.000,0,0
123496.709,0,0,0.1,0.000,0,0
123548.358,0,0,0.1,0.000,0,0
123599.975,0,0,0.1,0.000,0,0
123651.468,0,0,0.2,0.000,0,0
123702.977,0,0,0.1,0.000,0,0
123754.655,0,0,0.0,0.000,0,0
123806.327,0,0,0.1,0.000,0,0
123857.980,0,0,0.2,0.000,0,0
123909.423,0,0,0.0,0.000,0,0
123960.926,0,0,0.2,0.000,0,0
124012.439,0,0,0.1,0.000,0,0
124064.163,0,0,0.0,0.000,0,0
124115.617,0,0,0.2,0.000,0,0
124167.276,0,0,0.1,0.000,0,0
124218.779,0,0,0.2,0.000,0,0
124270.466,0,0,0.2,0.000,0,0
124322.054,0,0,0.2,0.000,0,0
124373.607,0,0,0.2,0.000,0,0
124425.225,0,0,0.0,0.000,0,0
124476.897,0,0,0.1,0.000,0,0
124528.435,0,0,0.1,0.000,0,0
124580.133,0,0,0.1,0.000,0,0
124631.767,0,0,0.0,0.000,0,0
124683.258,0,0,0.0,0.000,0,0
124734.892,0,0,0.0,0.000,0,0
124786.538,0,0,0.1,0.000,0,0
124838.219,0,0,0.2,0.000,0,0
124889.838,0,0,0.0,0.000,0,0
124941.461,0,0,0.0,0.000,0,0
124993.075,0,0,0.0,0.000,0,0
125044.584,0,0,0.1,0.000,0,0
125096.229,0,0,0.1,0.000,0,0
125147.830,0,0,0.0,0.000,0,0
125199.345,0,0,0.1,0.000,0,0
125250.956,0,0,0.0,0.000,0,0
125302.388,0,0,0.2,0.000,0,0
125353.736,0,0,0.2,0.000,0,0
125405.189,0,0,0.0,0.000,0,0
125456.701,0,0,0.2,0.000,0,0
125508.255,0,0,0.1,0.000,0,0
125560.177,0,0,0.0,0.000,0,0
125611.804,0,0,0.0,0.000,0,0
125663.256,0,0,0.1,0.000,0,0
125714.847,0,0,0.2,0.000,0,0
125766.386,0,0,0.0,0.000,0,0
125817.847,0,0,0.0,0.000,0,0
125869.436,0,0,0.0,0.000,0,0
125920.885,0,0,0.2,0.000,0,0
125972.274,0,0,0.1,0.000,0,0
126023.906,0,0,0.2,0.000,0,0
126075.166,0,0,0.0,0.000,0,0
126126.834,0,0,0.1,0.000,0,0
126178.389,0,0,0.1,0.000,0,0
126230.030,0,0,0.1,0.000,0,0
126281.358,0,0,0.0,0.000,0,0
126332.794,0,0,0.0,0.000,0,0
126384.304,0,0,0.1,0.000,0,0
126435.808,0,0,0.1,0.000,0,0
126487.309,0,0,0.1,0.000,0,0
126538.862,0,0,0.1,0.000,0,0
126590.482,0,0,0.2,0.000,0,0
126642.162,0,0,0.0,0.000,0,0
126693.756,0,0,0.2,0.000,0,0
126745.328,0,0,0.0,0.000,0,0
126796.839,0,0,0.1,0.000,0,0
126848.390,0,0,0.0,0.000,0,0
126899.906,0,0,0.0,0.000,0,0
126951.374,0,0,0.0,0.000,0,0
127002.950,0,0,0.1,0.000,0,0
127054.547,0,0,0.2,0.000,0,0
127106.207,0,0,0.2,0.000,0,0
127157.877,0,0,0.3,0.000,0,0
127209.380,0,0,0.0,0.000,0,0
127261.068,0,0,0.2,0.000,0,0
127312.596,0,0,0.1,0.000,0,0
127364.267,0,0,0.0,0.000,0,0
127415.690,0,0,0.0,0.000,0,0
127467.318,0,0,0.0,0.000,0,0
127518.956,0,0,0.0,0.000,0,0
127570.387,0,0,0.1,0.000,0,0
127621.993,0,0,0.2,0.000,0,0
127673.624,0,0,0.2,0.000,0,0
127725.102,0,0,0.1,0.000,0,0
127776.759,0,0,0.0,0.000,0,0
127828.452,0,0,0.0,0.000,0,0
127880.024,0,0,0.0,0.000,0,0
127931.661,0,0,0.0,0.000,0,0
127983.296,0,0,0.0,0.000,0,0
128034.823,0,0,0.1,0.000,0,0
128086.475,0,0,0.2,0.000,0,0
128137.969,0,0,0.2,0.000,0,0
128189.559,0,0,0.2,0.000,0,0
128241.159,0,0,0.0,0.000,0,0
128292.650,0,0,0.1,0.000,0,0
128344.388,0,0,0.2,0.000,0,0
128395.969,0,0,0.0,0.000,0,0
128447.606,0,0,0.1,0.000,0,0
128499.102,0,0,0.0,0.000,0,0
128550.770,0,0,0.0,0.000,0,0
128602.408,0,0,0.0,0.000,0,0
128654.056,0,0,0.1,0.000,0,0
128705.685,0,0,0.2,0.000,0,0
128757.221,0,0,0.2,0.000,0,0
128808.772,0,0,0.2,0.000,0,0
128860.364,0,0,0.1,0.000,0,0
128911.806,0,0,0.0,0.000,0,0
128963.542,0,0,0.0,0.000,0,0
129015.237,0,0,0.0,0.000,0,0
129066.887,0,0,0.1,0.000,0,0
129118.503,0,0,0.2,0.000,0,0
129170.116,0,0,0.0,0.000,0,0
129221.668,0,0,0.5,0.000,0,0
129273.221,0,0,0.2,0.000,0,0
129324.996,0,0,0.2,0.000,0,0
129376.562,0,0,0.0,0.000,0,0
129428.204,0,0,0.0,0.000,0,0
129479.831,0,0,0.0,0.000,0,0
129531.496,0,0,0.0,0.000,0,0
129583.115,0,0,0.1,0.000,0,0
129634.687,0,0,0.1,0.000,0,0
129686.286,0,0,0.2,0.000,0,0
129737.890,0,0,0.2,0.000,0,0
129789.385,0,0,0.0,0.000,0,0
129840.870,0,0,0.2,0.000,0,0
129892.437,0,0,0.2,0.000,0,0
129943.884,0,0,0.0,0.000,0,0
129995.415,0,0,0.1,0.000,0,0
130047.042,0,0,0.2,0.000,0,0
130098.575,0,0,0.2,0.000,0,0
130150.072,0,0,0.2,0.000,0,0
130201.638,0,0,0.2,0.000,0,0
130253.046,0,0,0.1,0.000,0,0
130304.587,0,0,0.2,0.000,0,0
130356.173,0,0,0.1,0.000,0,0
130407.486,0,0,0.0,0.000,0,0
130459.054,0,0,0.0,0.000,0,0
130510.541,0,0,0.0,0.000,0,0
130562.167,0,0,0.1,0.000,0,0
130613.555,0,0,0.2,0.000,0,0
130665.169,0,0,0.0,0.000,0,0
130716.691,0,0,0.2,0.000,0,0
130768.388,0,0,0.2,0.000,0,0
130820.089,0,0,0.1,0.000,0,0
130871.750,0,0,0.0,0.000,0,0
130923.231,0,0,0.0,0.000,0,0
130974.863,0,0,0.0,0.000,0,0
131026.517,0,0,0.0,0.000,0,0
131078.147,0,0,0.1,0.000,0,0
131129.771,0,0,0.0,0.000,0,0
131181.411,0,0,0.2,0.000,0,0
131232.973,0,0,0.1,0.000,0,0
131284.641,0,0,0.2,0.000,0,0
131336.190,0,0,0.2,0.000,0,0
131387.711,0,0,0.1,0.000,0,0
131439.177,0,0,0.0,0.000,0,0
131490.875,0,0,0.0,0.000,0,0
131542.529,0,0,0.0,0.000,0,0
131594.036,0,0,0.1,0.000,0,0
131645.668,0,0,0.2,0.000,0,0
131697.265,0,0,0.0,0.000,0,0
131748.852,0,0,0.2,0.000,0,0
131800.387,0,0,0.2,0.000,0,0
131851.993,0,0,0.1,0.000,0,0
131903.415,0,0,0.0,0.000,0,0
131954.819,0,0,0.1,0.000,0,0
132006.341,0,0,0.2,0.000,0,0
132057.969,0,0,0.1,0.000,0,0
132109.571,0,0,0.2,0.000,0,0
132161.006,0,0,0.1,0.000,0,0
132212.706,0,0,0.2,0.000,0,0
132264.188,0,0,0.1,0.000,0,0
132315.884,0,0,0.2,0.000,0,0
132367.347,0,0,0.1,0.000,0,0
132418.950,0,0,0.0,0.000,0,0
132470.364,0,0,0.0,0.000,0,0
132521.960,0,0,0.2,0.000,0,0
132573.500,0,0,0.2,0.000,0,0
132625.034,0,0,0.1,0.000,0,0
132676.705,0,0,0.1,0.000,0,0
132728.152,0,0,0.1,0.000,0,0
132779.828,0,0,0.2,0.000,0,0
132831.313,0,0,0.2,0.000,0,0
132882.989,0,0,0.2,0.000,0,0
132934.674,0,0,0.2,0.000,0,0
132986.316,0,0,0.2,0.000,0,0
133037.965,0,0,0.2,0.000,0,0
133089.878,0,0,0.0,0.000,0,0
133141.370,0,0,0.0,0.000,0,0
133192.858,0,0,0.2,0.000,0,0
133244.442,0,0,0.1,0.000,0,0
133295.877,0,0,0.1,0.000,0,0
133347.527,0,0,0.1,0.000,0,0
133398.922,0,0,0.0,0.000,0,0
133450.531,0,0,0.1,0.000,0,0
133502.191,0,0,0.1,0.000,0,0
133553.839,0,0,0.2,0.000,0,0
133605.468,0,0,0.0,0.000,0,0
133656.813,0,0,0.0,0.000,0,0
133708.515,0,0,0.0,0.000,0,0
133759.998,0,0,0.2,0.000,0,0
133811.793,0,0,0.2,0.000,0,0
133863.431,0,0,0.1,0.000,0,0
133914.937,0,0,0.2,0.000,0,0
133966.457,0,0,0.2,0.000,0,0
134018.135,0,0,0.1,0.000,0,0
134069.522,0,0,0.0,0.000,0,0
134120.858,0,0,0.2,0.000,0,0
134172.559,0,0,0.1,0.000,0,0
134224.037,0,0,0.0,0.000,0,0
134275.478,0,0,0.0,0.000,0,0
134327.128,0,0,0.0,0.000,0,0
134378.783,0,0,0.1,0.000,0,0
134430.428,0,0,0.2,0.000,0,0
134482.101,0,0,0.0,0.000,0,0
134533.634,0,0,0.0,0.000,0,0
134585.221,0,0,0.0,0.000,0,0
134636.732,0,0,0.0,0.000,0,0
134688.348,0,0,0.0,0.000,0,0
134739.837,0,0,0.0,0.000,0,0
134791.502,0,0,0.1,0.000,0,0
134843.026,0,0,0.2,0.000,0,0
134894.531,0,0,0.1,0.000,0,0
134946.145,0,0,0.2,0.000,0,0
134997.714,0,0,0.2,0.000,0,0
135049.017,0,0,0.0,0.000,0,0
135100.476,0,0,0.1,0.000,0,0
135152.103,0,0,0.1,0.000,0,0
135203.435,0,0,0.0,0.000,0,0
135255.049,0,0,0.1,0.000,0,0
135306.516,0,0,0.2,0.000,0,0
135358.247,0,0,0.1,0.000,0,0
135409.844,0,0,0.2,0.000,0,0
135461.484,0,0,0.2,0.000,0,0
135513.176,0,0,0.1,0.000,0,0
135564.862,0,0,0.2,0.000,0,0
135616.612,0,0,0.1,0.000,0,0
135668.305,0,0,0.0,0.000,0,0
135719.772,0,0,0.0,0.000,0,0
135771.429,0,0,0.1,0.000,0,0
135822.966,0,0,0.2,0.000,0,0
135874.423,0,0,0.2,0.000,0,0
135925.960,0,0,0.1,0.000,0,0
135977.609,0,0,0.3,0.000,0,0
136029.154,0,0,0.0,0.000,0,0
136080.815,0,0,0.1,0.000,0,0
136132.394,0,0,0.0,0.000,0,0
136183.888,0,0,0.0,0.000,0,0
136235.326,0,0,0.0,0.000,0,0
136286.963,0,0,0.1,0.000,0,0
136338.389,0,0,0.0,0.000,0,0
136390.020,0,0,0.2,0.000,0,0
136441.620,0,0,0.3,0.000,0,0
136493.199,0,0,0.0,0.000,0,0
136544.832,0,0,0.1,0.000,0,0
136596.261,0,0,0.0,0.000,0,0
136647.965,0,0,0.0,0.000,0,0
136699.417,0,0,0.0,0.000,0,0
136750.985,0,0,0.0,0.000,0,0
136802.435,0,0,0.1,0.000,0,0
136854.343,0,0,0.2,0.000,0,0
136905.793,0,0,0.0,0.000,0,0
136957.245,0,0,0.3,0.000,0,0
137008.839,0,0,0.1,0.000,0,0
137060.463,0,0,0.0,0.000,0,0
137112.069,0,0,0.0,0.000,0,0
137163.487,0,0,0.0,0.000,0,0
137215.103,0,0,0.0,0.000,0,0
137266.765,0,0,0.0,0.000,0,0
137318.419,0,0,0.0,0.000,0,0
137370.016,0,0,0.1,0.000,0,0
137421.635,0,0,0.0,0.000,0,0
137473.089,0,0,0.1,0.000,0,0
137524.758,0,0,0.2,0.000,0,0
137576.288,0,0,0.2,0.000,0,0
137627.789,0,0,0.1,0.000,0,0
137679.222,0,0,0.0,0.000,0,0
137730.779,0,0,0.0,0.000,0,0
137782.358,0,0,0.1,0.000,0,0
137833.813,0,0,0.0,0.000,0,0
137885.399,0,0,0.0,0.000,0,0
137936.822,0,0,0.1,0.000,0,0
137988.515,0,0,0.2,0.000,0,0
138039.997,0,0,0.1,0.000,0,0
138091.599,0,0,0.1,0.000,0,0
138142.994,0,0,0.0,0.000,0,0
138194.547,0,0,0.0,0.000,0,0
138246.187,0,0,0.0,0.000,0,0
138297.796,0,0,0.2,0.000,0,0
138349.425,0,0,0.2,0.000,0,0
138401.022,0,0,0.1,0.000,0,0
138452.691,0,0,0.2,0.000,0,0
138504.359,0,0,0.2,0.000,0,0
138555.954,0,0,0.2,0.000,0,0
138607.437,0,0,0.0,0.000,0,0
138659.003,0,0,0.0,0.000,0,0
138710.585,0,0,0.0,0.000,0,0
138762.193,0,0,0.0,0.000,0,0
138813.791,0,0,0.0,0.000,0,0
138865.374,0,0,0.0,0.000,0,0
138916.956,0,0,0.0,0.000,0,0
138968.620,0,0,0.2,0.000,0,0
139020.000,0,0,0.0,0.000,0,0
139071.614,0,0,0.2,0.000,0,0
139123.293,0,0,0.1,0.000,0,0
139174.800,0,0,0.0,0.000,0,0
139226.435,0,0,0.0,0.000,0,0
139278.152,0,0,0.0,0.000,0,0
139329.798,0,0,0.2,0.000,0,0
139381.330,0,0,0.2,0.000,0,0
139432.829,0,0,0.1,0.000,0,0
139484.421,0,0,0.1,0.000,0,0
139535.910,0,0,0.1,0.000,0,0
139587.664,0,0,0.2,0.000,0,0
139639.164,0,0,0.0,0.000,0,0
139690.836,0,0,0.1,0.000,0,0
139742.321,0,0,0.0,0.000,0,0
139793.977,0,0,0.0,0.000,0,0
139845.502,0,0,0.2,0.000,0,0
139897.116,0,0,0.1,0.000,0,0
139948.641,0,0,0.1,0.000,0,0
140000.270,0,0,0.1,0.000,0,0
140051.956,0,0,0.0,0.000,0,0
140103.584,0,0,0.0,0.000,0,0
